id,ring_name,current_rank,heya,birthday,height,weight,debut
218,Dairaido,Sandanme 27 East,Takadagawa,1980-04-17T00:00:00Z,177.0,151.0,199603
299,Kayatoiwa,Sandanme 70 East,Minato,1991-07-13T00:00:00Z,176.0,103.5,200703
36,Myogiryu,Juryo 8 West,Sakaigawa,1990-02-27T15:00:00Z,188.0,154.0,200905
275,Oshozan,Sandanme 48 West,Naruto,2000-05-11T00:00:00Z,168.0,123.0,201603
614,Daitengu,Jonidan 67 East,Takadagawa,2004-06-17T00:00:00Z,177.0,93.0,202301
27,Hokutofuji,Maegashira 13 East,Hakkaku,1991-11-04T15:00:00Z,184.0,161.0,201503
327,Shosei,Jonokuchi 2 West,Sakaigawa,1986-05-27T00:00:00Z,166.0,123.0,200503
595,Itakozakura,Jonokuchi 9 East,Shikihide,1978-10-02T00:00:00Z,178.0,139.5,199403
542,Terunosato,Jonidan 96 West,Tagonoura,1978-01-27T00:00:00Z,178.0,150.2,199303
41,Oho,Maegashira 6 West,Otake,1990-02-27T15:00:00Z,191.0,176.0,201801
340,Masuminato,Jonidan 36 West,Onomatsu,1995-06-12T15:00:00Z,169.0,145.2,201405
175,Oyamatoumi,Makushita 34 East,Yamahibiki,1992-12-24T15:00:00Z,180.0,167.0,201503
224,Aratakayama,Sandanme 21 West,Tokiwayama,1992-12-24T15:00:00Z,180.0,167.0,201903
177,Wakazakura,Sandanme 17 East,Kasugano,1992-12-24T15:00:00Z,180.0,167.0,201803
355,Marusho,Sandanme 2 West,Naruto,1992-12-24T15:00:00Z,180.0,167.0,201905
8175,Daishinkai,Jonidan 30 East,Otake,1992-12-24T15:00:00Z,180.0,167.0,201903
10,Onosho,Maegashira 5 East,Onomatsu,1992-12-24T15:00:00Z,177.0,165.0,201301
11,Ichiyamamoto,Maegashira 11 East,Hanaregoma,1993-09-30T15:00:00Z,188.0,150.0,201701
352,Inaba,Sandanme 56 West,Onomatsu,1992-12-24T15:00:00Z,180.0,167.0,201903
506,Takashoki,Sandanme 7 West,Tokiwayama,1992-12-24T15:00:00Z,180.0,167.0,202103
26,Mitakeumi,Maegashira 2 West,Dewanoumi,1991-11-04T15:00:00Z,180.0,167.0,201503
6,Kazenoumi,Makushita 18 East,Oshiogawa,1995-10-18T15:00:00Z,183.0,156.2,202209
292,Hogasho,Sandanme 8 East,Tokitsukaze,1995-10-18T15:00:00Z,171.4,144.2,202103
182,Nishikikuni,Sandanme 79 East,Shibatayama,1995-10-18T15:00:00Z,171.4,144.2,201903
331,Amane,Sandanme 52 East,Shikoroyama,1995-10-18T15:00:00Z,171.4,144.2,201703
329,Ebisumaru,Sandanme 47 East,Takadagawa,1995-10-18T15:00:00Z,171.4,144.2,200703
200,Tendozan,Makushita 21 West,Fujishima,1995-10-18T15:00:00Z,171.4,144.2,202001
249,Kyoda,Sandanme 31 East,Futagoyama,1995-10-18T15:00:00Z,171.4,144.2,202011
145,Nihonyanagi,Makushita 12 West,Onomatsu,1995-10-18T15:00:00Z,171.4,144.2,201911
344,Chiyohokkai,Sandanme 78 East,Kokonoe,1995-10-18T15:00:00Z,171.4,144.2,201801
621,Hokuozan Kokichi,Banzuke-gai,Naruto,1995-10-18T15:00:00Z,171.4,144.2,202003
195,Wakanosho,Makushita 7 West,Tokiwayama,2003-08-22T00:00:00Z,178.0,126.0,202201
398,Asaazuma,Sandanme 76 East,Takasago,1999-05-18T00:00:00Z,182.0,119.0,201801
381,Takano,Jonidan 2 East,Kise,2001-05-17T00:00:00Z,174.0,162.0,202007
173,Sasakiyama,Makushita 50 East,Kise,1991-06-12T00:00:00Z,179.5,137.0,201001
12,Wakatakakage,Maegashira 14 East,Arashio,1994-05-03T15:00:00Z,182.0,135.0,201703
489,Daishimatsu,Sandanme 87 East,Onomatsu,2003-05-07T00:00:00Z,175.0,176.0,202203
57,Shimazuumi,Juryo 10 West,Hanaregoma,1993-06-26T15:00:00Z,175.0,164.0,201203
505,Mabuchi,Jonidan 8 East,Musashigawa,2004-12-19T00:00:00Z,184.0,154.0,202007
492,Wakaonehara,Jonidan 29 East,Nishiiwa,2003-06-12T00:00:00Z,167.0,73.0,202003
248,Wakakinsho,Sandanme 14 East,Hanaregoma,1996-12-26T00:00:00Z,178.0,138.0,201307
485,Kokuryunami,Jonidan 82 East,Tatsunami,1995-04-20T00:00:00Z,179.0,100.0,201403
394,Daikinryu,Jonidan 46 West,Sakaigawa,2004-03-17T00:00:00Z,171.0,110.0,202203
155,Ohata,Sandanme 27 West,Tokitsukaze,1996-10-24T00:00:00Z,186.0,138.0,201411
17,Endo,Maegashira 14 West,Oitekaze,1994-05-03T15:00:00Z,184.0,149.0,201303
395,Fujinotani,Sandanme 63 West,Hakkaku,1997-08-07T00:00:00Z,165.0,88.3,201303
627,Kagamio Hideoki,Banzuke-gai,Isenoumi,1988-02-09T00:00:00Z,182.0,136.0,200307
40,Nishikifuji,Maegashira 17 East,Isegahama,1990-02-27T15:00:00Z,184.0,151.0,201609
478,Kyokushozan,Jonidan 18 West,Oshima,2001-01-25T00:00:00Z,169.0,86.0,201901
216,Kinotsukasa,Makushita 58 West,Irumagawa,2000-01-19T00:00:00Z,173.0,121.0,201803
387,Shinyashiki,Sandanme 43 East,Otake,1998-01-31T00:00:00Z,169.0,72.0,201311
278,Chiyotaiho,Sandanme 25 East,Kokonoe,2001-08-01T00:00:00Z,173.0,146.0,201703
281,Akiyoshi,Makushita 36 East,Onomatsu,2001-09-03T00:00:00Z,177.0,163.0,202007
184,Chiyonoo,Makushita 26 West,Kokonoe,1991-05-29T00:00:00Z,180.0,149.0,201003
245,Kirinryu,Makushita 55 West,Nishonoseki,2001-12-21T00:00:00Z,173.0,105.0,202001
402,Fujimusashi,Sandanme 54 West,Musashigawa,2005-03-31T00:00:00Z,166.0,115.0,202003
179,Kaiseijo,Makushita 38 West,Asakayama,1998-07-02T00:00:00Z,179.0,108.0,201403
349,Yoshiazuma,Jonidan 16 West,Tamanoi,1977-05-26T00:00:00Z,197.0,166.0,199601
274,Kanazawa,Makushita 57 East,Naruto,2003-06-20T00:00:00Z,182.0,164.0,202203
229,Chikuba,Jonidan 93 East,Miyagino,2001-04-10T00:00:00Z,173.0,100.0,201703
481,Ogitora,Jonidan 62 East,Dewanoumi,2003-03-24T00:00:00Z,171.0,97.0,201803
215,Kiyota,Makushita 49 West,Dewanoumi,2003-08-04T00:00:00Z,177.0,107.0,201903
123,Tosamidori,Makushita 21 East,Onomatsu,1996-05-11T00:00:00Z,181.0,147.0,201507
616,Izumigawa Ryuchi,Banzuke-gai,Shibatayama,1997-05-12T00:00:00Z,180.0,121.0,201601
493,Satsumao,Jonokuchi 1 East,Shikihide,2000-07-26T00:00:00Z,183.0,120.0,201607
77,Hatsuyama,Makushita 22 East,Tamanoi,1997-04-24T15:00:00Z,193.3,136.3,202203
199,Kotokenryu,Makushita 11 East,Sadogatake,2004-01-19T00:00:00Z,182.0,133.0,202111
554,Watatani,Jonidan 62 West,Arashio,1999-07-07T00:00:00Z,175.0,92.0,201505
193,Kirinofuji,Sandanme 78 West,Michinoku,1994-07-28T00:00:00Z,186.0,140.0,201101
536,Wakaikki,Jonidan 63 West,Hanaregoma,1998-04-16T00:00:00Z,172.0,123.0,201403
5,Takerufuji,Juryo 2 East,Isegahama,1999-04-09T00:00:00Z,184.0,143.0,202209
262,Shinhakuho,Sandanme 69 East,Miyagino,2002-01-20T00:00:00Z,192.0,117.0,202003
310,Michihaya,Jonidan 92 East,Onomatsu,2003-08-21T00:00:00Z,187.0,167.0,202203
136,Tochiseiryu,Makushita 22 West,Kasugano,1995-04-26T00:00:00Z,174.0,133.0,201403
296,Tappa,Sandanme 49 East,Otake,2001-01-30T00:00:00Z,184.0,122.0,201609
412,Jokoki,Jonidan 28 East,Musashigawa,2006-07-16T00:00:00Z,175.0,121.0,202203
541,Tamanotora,Jonidan 88 East,Kataonami,2005-12-22T00:00:00Z,173.0,106.0,202103
95,Oshoumi,Makushita 3 West,Naruto,2001-05-12T00:00:00Z,183.0,140.0,202003
338,Yutakasho,Makushita 43 East,Sakaigawa,1994-11-19T00:00:00Z,174.0,126.0,201303
130,Okinohama,Sandanme 30 West,Hakkaku,1997-06-25T00:00:00Z,181.0,158.0,201303
468,Aron,Sandanme 28 East,Nishonoseki,2003-01-07T00:00:00Z,181.0,128.0,202103
161,Tokinohira,Makushita 46 West,Tokitsukaze,1999-04-08T00:00:00Z,180.0,128.0,201805
475,Kaitoma,Jonidan 39 East,Asakayama,2001-05-11T00:00:00Z,179.0,135.0,201703
13,Wakamotoharu,Maegashira 2 East,Arashio,1994-05-03T15:00:00Z,173.0,136.0,201111
243,Harunishiki,Sandanme 26 West,Asahiyama,2000-07-17T00:00:00Z,179.0,106.0,201709
267,Nishida,Sandanme 35 East,Nishonoseki,2004-10-24T00:00:00Z,181.0,138.0,202003
408,Asasorai,Jonidan 34 West,Takasago,1998-11-19T00:00:00Z,167.0,80.0,202103
437,Kototaisei,Sandanme 82 West,Sadogatake,1996-07-16T00:00:00Z,174.0,116.0,201203
80,Hatooka,Sandanme 13 East,Kise,1994-02-23T00:00:00Z,183.5,140.3,201603
499,Hirose,Jonidan 87 West,Arashio,1988-10-18T00:00:00Z,178.0,164.0,200909
93,Hokutenkai,Makushita 56 West,Onoe,1999-02-02T00:00:00Z,179.4,137.7,201905
205,Hoshuzan,Sandanme 2 East,Naruto,1997-08-09T00:00:00Z,174.0,166.0,202007
523,Hayashiryu,Sandanme 72 West,Nishonoseki,2006-07-04T00:00:00Z,171.0,129.0,202203
24,Hiradoumi,Komusubi 1 West,Sakaigawa,1991-11-04T15:00:00Z,178.0,138.0,201603
480,Yukiamami,Jonidan 31 East,Tatsunami,1998-01-09T00:00:00Z,185.0,132.0,201303
421,Ishiazuma,Sandanme 73 East,Tamanoi,1998-11-08T00:00:00Z,166.0,102.0,201403
306,Tatsuosho,Makushita 32 West,Tatsunami,2003-09-01T00:00:00Z,182.0,138.0,202203
579,Nishikinoryu,Sandanme 22 East,Asahiyama,2003-10-28T00:00:00Z,178.0,130.0,201903
255,Takabayama,Sandanme 39 West,Onoe,2000-10-02T00:00:00Z,175.0,102.0,201603
91,Mudoho,Makushita 24 West,Otake,2001-09-18T00:00:00Z,185.5,136.4,201911
434,Asahabataki,Sandanme 53 West,Takasago,2003-04-21T00:00:00Z,176.0,141.0,201903
33,Shodai,Maegashira 10 East,Tokitsukaze,1991-11-04T15:00:00Z,184.0,169.0,201403
166,Tochikodai,Makushita 44 East,Kasugano,1999-01-09T00:00:00Z,177.0,117.0,201703
571,Kenho,Jonidan 90 West,Tokitsukaze,1989-02-10T00:00:00Z,180.0,204.0,201105
151,Onojo,Makushita 30 East,Takadagawa,1996-01-31T00:00:00Z,182.0,143.0,201105
286,Hakuonada,Makushita 42 East,Yamahibiki,2000-07-29T00:00:00Z,185.0,158.0,201903
167,Otsuji,Makushita 4 East,Takadagawa,2003-10-06T00:00:00Z,180.0,129.0,201903
366,Suio,Sandanme 54 East,Dewanoumi,2001-07-03T00:00:00Z,177.0,113.0,201703
71,Churanoumi,Maegashira 12 West,Kise,1993-05-06T00:00:00Z,176.0,143.0,201603
527,Tochikasuga,Jonidan 64 East,Kasugano,1983-10-01T00:00:00Z,177.0,132.3,199903
525,Okuniiwa,Jonidan 82 West,Oitekaze,1992-09-18T00:00:00Z,184.0,119.0,201011
169,Chiyonokatsu,Sandanme 22 West,Kokonoe,1994-04-13T00:00:00Z,177.0,129.0,201303
581,Azumayama,Jonidan 98 East,Tamanoi,1994-06-10T00:00:00Z,182.0,108.6,201005
219,Sazanami,Makushita 46 East,Isenoumi,2000-01-31T00:00:00Z,182.0,119.0,201503
529,Higonoryu,Jonidan 94 East,Kise,1985-11-19T00:00:00Z,175.0,199.0,200403
590,Tsubakifuji,Jonidan 65 East,Isegahama,1989-01-11T00:00:00Z,174.0,129.5,200403
598,Soga,Jonidan 97 West,Isenoumi,2006-07-25T00:00:00Z,175.0,92.0,202203
371,Shotaimu,Jonidan 5 East,Shikoroyama,2003-01-31T00:00:00Z,175.0,170.0,202107
388,Hagane,Sandanme 89 West,Michinoku,1981-08-29T00:00:00Z,180.0,131.5,200003
54,Tohakuryu,Juryo 5 East,Tamanoi,1993-06-26T15:00:00Z,182.0,132.0,201905
624,Reonmaru,Sandanme 74 West,Shikihide,1999-08-02T00:00:00Z,171.0,149.0,201603
496,Hokutoshin,Jonidan 60 West,Hakkaku,2001-11-10T00:00:00Z,172.0,130.0,201703
562,Takabaho,Jonidan 76 West,Miyagino,2003-03-23T00:00:00Z,167.0,96.0,202103
301,Asashinjo,Sandanme 19 West,Takasago,1998-02-12T00:00:00Z,170.0,114.0,201603
471,Genbumaru,Jonidan 32 East,Onoe,1995-07-22T00:00:00Z,171.0,157.0,201401
20,Kotozakura,Ozeki 1 East,Sadogatake,1994-05-03T15:00:00Z,189.0,175.0,201511
630,Ounabara Sho,Banzuke-gai,Shikoroyama,1986-01-19T00:00:00Z,182.0,191.5,200401
32,Mitoryu,Juryo 3 West,Nishikido,1991-11-04T15:00:00Z,190.0,197.0,201703
455,Wakayamanaka,Jonokuchi 2 East,Hanaregoma,1996-01-08T00:00:00Z,175.0,128.1,201105
376,Yamato,Jonidan 4 West,Dewanoumi,2003-08-13T00:00:00Z,174.0,80.0,202203
85,Tenshoho,Makushita 11 West,Miyagino,2002-09-07T00:00:00Z,180.3,174.8,202105
440,Shoran,Jonidan 30 West,Hanaregoma,2003-12-06T00:00:00Z,175.0,76.0,202203
484,Satotanaka,Jonidan 71 West,Nishiiwa,2006-10-26T00:00:00Z,180.0,104.0,202203
234,Dewanojo,Makushita 47 West,Dewanoumi,1993-12-14T00:00:00Z,190.0,258.0,201203
280,Hamanoumi,Sandanme 5 West,Tokitsukaze,2001-12-10T00:00:00Z,183.0,142.0,201703
220,Mikazuchiyama,Makushita 55 East,Shikoroyama,2005-02-04T00:00:00Z,170.0,133.0,202003
380,Nikko,Jonidan 7 West,Michinoku,2001-10-01T00:00:00Z,175.0,103.0,202007
321,Kaiyuma,Sandanme 74 East,Asakayama,2000-04-26T00:00:00Z,171.0,148.0,201605
98,Shirokuma,Juryo 8 East,Nishonoseki,1999-05-25T00:00:00Z,186.0,166.0,202205
227,Toramusashi,Jonidan 83 East,Musashigawa,2005-03-01T00:00:00Z,182.0,112.0,202003
450,Chiyokozan,Jonidan 2 West,Kokonoe,2000-05-23T00:00:00Z,175.0,144.0,201905
162,Daihisho,Makushita 60 West,Oitekaze,2003-11-08T00:00:00Z,180.0,141.0,201903
65,Shimanoumi,Juryo 6 East,Kise,1989-07-11T00:00:00Z,177.0,161.0,201205
178,Kumanoryu,Sandanme 45 East,Takekuma,2003-03-18T00:00:00Z,175.0,117.0,202103
203,Katsunofuji,Sandanme 28 West,Sakaigawa,1984-05-04T00:00:00Z,182.5,138.0,200301
21,Tobizaru,Maegashira 4 East,Oitekaze,1994-05-03T15:00:00Z,173.0,136.0,201501
314,Kototaiga,Jonidan 14 East,Sadogatake,2001-04-21T00:00:00Z,181.0,120.0,201703
252,Murayama,Sandanme 18 East,Naruto,2002-06-06T00:00:00Z,168.0,123.0,202101
396,Yamenosato,Jonidan 21 West,Nishiiwa,2000-04-03T00:00:00Z,180.0,119.0,201803
549,Tochinoshima,Jonidan 23 East,Kasugano,1987-05-03T00:00:00Z,173.0,140.0,200603
511,Azumanami,Jonidan 94 West,Tamanoi,1984-11-29T00:00:00Z,174.5,149.0,200709
422,Tochigidake,Sandanme 66 East,Kasugano,1991-11-20T00:00:00Z,174.5,112.0,201003
462,Shishimaru,Jonidan 77 East,Tagonoura,2002-10-25T00:00:00Z,174.0,142.0,201803
441,Kokiryu,Jonidan 73 West,Tatsunami,2004-09-14T00:00:00Z,182.0,129.0,202209
307,Tokinosato,Sandanme 73 West,Nishiiwa,2002-12-14T00:00:00Z,174.0,137.0,201803
393,Hokuyozan,Jonidan 10 East,Tatsunami,1993-11-26T00:00:00Z,177.0,119.5,200903
122,Kazuto,Makushita 26 East,Tatsunami,2003-12-13T00:00:00Z,175.0,116.0,202205
361,Yokomaru,Sandanme 12 West,Musashigawa,2000-05-27T00:00:00Z,177.0,140.0,201903
367,Chiyotenfu,Sandanme 6 East,Kokonoe,2000-03-17T00:00:00Z,172.0,114.0,201505
96,Akinoyama,Sandanme 12 East,Takadagawa,1992-11-30T00:00:00Z,176.9,210.0,200803
160,Oginohama,Jonidan 47 East,Dewanoumi,1994-10-27T00:00:00Z,177.0,136.6,201003
23,Aoiyama,Juryo 11 West,Kasugano,1991-11-04T15:00:00Z,191.0,180.0,200905
596,Yamadaumi,Jonidan 98 West,Dewanoumi,2006-02-15T00:00:00Z,171.0,108.0,202205
183,Wakenokaze,Sandanme 35 West,Nishonoseki,1993-09-28T00:00:00Z,181.0,159.0,201605
312,Sato,Sandanme 57 East,Nishonoseki,2004-01-03T00:00:00Z,176.0,117.0,202203
628,Kotootomo Shunpei,Banzuke-gai,Sadogatake,1998-02-13T00:00:00Z,186.0,123.0,201603
260,Hokutosakae,Jonidan 4 East,Hakkaku,1999-10-24T00:00:00Z,188.0,136.0,201803
522,Takasu,Jonidan 24 East,Tagonoura,2004-05-04T00:00:00Z,174.0,128.0,202003
64,Daiamami,Juryo 2 West,Oitekaze,1995-01-27T15:00:00Z,185.0,192.0,201601
263,Daiyusho,Jonokuchi 10 West,Oitekaze,2002-04-06T00:00:00Z,176.0,134.0,201803
153,Ryusei,Makushita 20 West,Isenoumi,1986-07-17T00:00:00Z,181.0,120.0,200303
194,Oshoryu,Makushita 54 West,Naruto,1996-04-22T00:00:00Z,178.0,172.0,201905
223,Daishoki,Sandanme 1 East,Oitekaze,1997-05-05T00:00:00Z,184.0,146.0,201303
222,Hokutoiwa,Sandanme 40 East,Hakkaku,2003-11-28T00:00:00Z,179.0,114.0,201903
328,Hakuomaru,Sandanme 41 West,Tokitsukaze,1998-06-27T00:00:00Z,173.0,174.0,201703
612,Kobayashi,Sandanme 21 East,Kasugano,2004-05-07T00:00:00Z,177.0,135.0,202301
61,Oshoma,Maegashira 9 East,Naruto,1995-01-27T15:00:00Z,190.0,158.0,202109
609,Satorufuji,Makushita 6 West,Isegahama,2004-05-29T00:00:00Z,177.0,161.0,202301
34,Midorifuji,Maegashira 10 West,Isegahama,1996-08-30T00:00:00Z,174.0,117.0,201609
217,Daishinkai,Sandanme 22 West,Otake,2000-04-25T00:00:00Z,174.0,135.0,201903
119,Akitoba,Sandanme 36 East,Minato,1999-08-02T00:00:00Z,174.0,121.0,201503
242,Obara,Makushita 10 West,Asakayama,1999-07-06T00:00:00Z,187.0,155.0,201503
348,Sekizuka,Sandanme 66 West,Tagonoura,1997-04-21T00:00:00Z,178.0,93.7,201303
513,Wakasa,Jonidan 40 East,Dewanoumi,2003-10-16T00:00:00Z,170.0,82.0,202203
241,Denuma,Makushita 52 West,Futagoyama,2001-02-07T00:00:00Z,176.0,153.0,201903
304,Hitachigo,Sandanme 13 West,Fujishima,1985-06-17T00:00:00Z,183.0,148.8,200401
206,Toshoyama,Sandanme 38 East,Tamanoi,1998-01-07T00:00:00Z,181.0,153.0,201303
605,Hokutoshio Ryuki,Banzuke-gai,Hakkaku,2000-06-22T00:00:00Z,173.0,125.0,201603
72,Tochimusashi,Sandanme 23 West,Kasugano,1997-04-24T15:00:00Z,184.1,162.2,202103
111,Hitoshi,Makushita 19 West,Oitekaze,1997-08-14T00:00:00Z,181.3,156.9,202105
439,Tsukioka,Jonidan 63 East,Futagoyama,2005-01-23T00:00:00Z,167.0,98.0,202003
143,Kotodaigo,Sandanme 15 West,Sadogatake,1993-01-14T00:00:00Z,189.0,117.0,201105
144,Narutaki,Makushita 25 West,Isenoumi,1998-11-13T00:00:00Z,176.0,125.0,201611
360,Sakabayashi,Sandanme 37 East,Onoe,1999-11-28T00:00:00Z,175.0,124.0,201801
405,Matsugi,Jonidan 26 East,Tagonoura,2005-03-14T00:00:00Z,177.0,86.0,202003
432,Kotoegashira,Jonidan 34 East,Sadogatake,2003-07-23T00:00:00Z,173.0,107.0,201903
228,Goseiryu,Sandanme 68 West,Takekuma,2002-08-07T00:00:00Z,180.0,100.0,202103
533,Tsurunoumi,Jonidan 81 West,Shikoroyama,2004-02-07T00:00:00Z,170.0,72.0,201903
75,Mineyaiba,Makushita 10 East,Shikoroyama,1997-04-24T15:00:00Z,188.5,147.2,201903
127,Kotoryusei,Sandanme 87 West,Sadogatake,1996-06-29T00:00:00Z,168.0,88.3,201203
181,Hinataryu,Makushita 48 West,Musashigawa,1999-05-23T00:00:00Z,177.0,111.0,201801
282,Kotakiyama,Sandanme 10 East,Futagoyama,2003-01-09T00:00:00Z,184.0,144.0,201803
436,Suyama,Sandanme 23 East,Kise,1997-09-23T00:00:00Z,180.0,104.0,202205
335,Toukiryu,Sandanme 76 West,Tamanoi,1998-06-25T00:00:00Z,175.0,117.0,201403
82,Fujiseiun,Juryo 14 East,Fujishima,1997-12-05T00:00:00Z,181.0,137.0,202103
89,Nishinoryu,Makushita 30 West,Sakaigawa,2000-08-20T00:00:00Z,181.0,130.0,201811
105,Chiyoarashi Yoshinobu,Makushita 16 West,Kokonoe,1991-07-12T00:00:00Z,172.0,138.0,200703
236,Daishoryu,Sandanme 4 East,Yamahibiki,2002-11-03T00:00:00Z,175.0,107.0,202103
121,Fujiazuma,Sandanme 14 West,Tamanoi,1987-04-19T00:00:00Z,181.0,185.0,200303
174,Kainoshima,Makushita 31 East,Fujishima,1995-03-23T00:00:00Z,174.0,106.0,201703
268,Daishosei,Sandanme 60 West,Oitekaze,1999-11-22T00:00:00Z,171.0,116.0,201803
359,Sadanokuni,Jonidan 20 West,Sakaigawa,1988-04-02T00:00:00Z,182.0,113.0,200403
102,Tomokaze,Juryo 7 East,Nishonoseki,1994-12-02T00:00:00Z,185.0,183.0,201705
19,Hoshoryu,Ozeki 1 West,Tatsunami,1994-05-03T15:00:00Z,188.0,142.0,201711
594,Moriurara,Jonokuchi 2 West,Otake,1987-06-16T00:00:00Z,170.0,129.0,200305
226,Komanokuni,Jonidan 46 East,Shibatayama,1990-06-29T00:00:00Z,177.0,207.8,200603
188,Asonoyama,Makushita 36 West,Sakaigawa,1999-11-09T00:00:00Z,175.0,152.0,201801
343,Kaorufuji,Sandanme 61 East,Kasugano,1988-02-28T00:00:00Z,175.0,179.2,200303
168,Daishomaru,Makushita 8 East,Oitekaze,1991-07-10T00:00:00Z,175.0,153.0,201403
560,Sakurai,Jonidan 37 West,Naruto,1997-03-15T00:00:00Z,184.0,122.0,201905
391,Tokitora,Sandanme 72 West,Tokitsukaze,2002-02-20T00:00:00Z,185.0,120.0,202007
535,Daitensho,Jonidan 69 East,Oitekaze,2006-01-11T00:00:00Z,172.0,103.0,202105
578,Gohakuun,Sandanme 7 East,Takekuma,2005-03-22T00:00:00Z,173.0,126.0,202211
358,Oginosho,Sandanme 42 East,Dewanoumi,1993-06-03T00:00:00Z,180.0,125.0,200903
603,Fujinonami,Jonidan 29 West,Fujishima,1999-12-21T00:00:00Z,165.0,102.0,201803
14,Tamawashi,Maegashira 9 West,Kataonami,1994-05-03T15:00:00Z,189.0,176.0,200401
585,Gonowaka,Jonidan 11 West,Takekuma,2004-11-15T00:00:00Z,176.0,111.0,202211
9,Daieisho,Komusubi 1 East,Oitekaze,1993-11-10T00:00:00Z,182.0,165.0,201201
308,Kojikara,Sandanme 43 West,Tagonoura,2002-06-15T00:00:00Z,183.0,145.0,201803
116,Tochinobori,Makushita 57 West,Kasugano,1993-09-01T00:00:00Z,181.5,123.7,200903
435,Hokutoyoshi,Jonidan 27 West,Hakkaku,1997-07-16T00:00:00Z,178.0,145.0,201603
419,Hienriki,Jonidan 56 East,Oshiogawa,1983-03-06T00:00:00Z,179.0,121.0,199803
16,Nishikigi,Maegashira 11 West,Isenoumi,1994-05-03T15:00:00Z,186.0,183.0,200603
3,Hakuoho,Juryo 13 East,Miyagino,2003-08-22T00:00:00Z,181.0,160.0,202301
141,Kitadaichi,Makushita 14 East,Tatsunami,1998-07-08T00:00:00Z,170.0,127.0,201403
350,Tsugaruumi,Jonidan 9 West,Tamanoi,1996-04-06T00:00:00Z,174.0,84.2,201203
115,Kotoyusho,Makushita 15 West,Sadogatake,1994-05-14T00:00:00Z,181.0,132.0,201603
28,Ura,Maegashira 4 West,Kise,1991-11-04T15:00:00Z,175.0,142.0,201503
35,Sadanoumi,Maegashira 7 West,Sakaigawa,1990-02-27T15:00:00Z,182.0,144.0,200303
165,Kamito,Makushita 14 West,Tatsunami,1995-08-19T00:00:00Z,176.0,128.0,201703
237,Raiho,Jonidan 48 East,Miyagino,1997-05-21T00:00:00Z,172.0,90.0,202107
573,Motokiyama,Jonidan 37 East,Tamanoi,1991-12-15T00:00:00Z,172.0,108.2,200803
170,Fukai,Makushita 13 East,Takasago,1997-09-10T00:00:00Z,181.0,134.0,202003
448,Kyokutaizan,Jonidan 89 East,Oshima,2000-03-09T00:00:00Z,172.0,110.0,201903
508,Najima,Jonidan 51 West,Minato,2006-04-18T00:00:00Z,177.0,67.0,202203
512,Sonoshun,Jonidan 92 West,Arashio,2002-11-18T00:00:00Z,167.0,75.0,202103
300,Ieshima,Sandanme 26 East,Yamahibiki,2005-01-26T00:00:00Z,176.0,135.0,202003
354,Mihamaumi,Sandanme 90 West,Tamanoi,1996-11-29T00:00:00Z,173.0,125.0,201205
79,Kotoozutsu,Makushita 41 West,Sadogatake,1997-04-24T15:00:00Z,174.8,159.6,201603
473,Harimao,Sandanme 65 West,Yamahibiki,2002-07-08T00:00:00Z,170.0,119.0,202103
588,Nishikiori,Jonokuchi 12 West,Miyagino,2006-07-16T00:00:00Z,176.0,120.0,202203
467,Kyokumizuno,Sandanme 58 West,Oshima,2004-03-12T00:00:00Z,169.0,135.0,202203
213,Kotonofuji,Sandanme 32 West,Sadogatake,2002-01-24T00:00:00Z,178.0,125.0,201703
235,Hokutoryu,Sandanme 53 East,Hakkaku,1998-01-03T00:00:00Z,181.0,126.0,201603
257,Ryutsukasa,Sandanme 61 West,Irumagawa,1997-02-13T00:00:00Z,168.0,134.0,201501
295,Matsuda,Sandanme 50 West,Shibatayama,1994-09-19T00:00:00Z,179.0,91.4,201303
157,Maikeru,Sandanme 16 West,Futagoyama,1998-07-15T00:00:00Z,177.0,136.0,201709
557,Senshoho,Jonidan 41 East,Miyagino,2006-07-06T00:00:00Z,186.0,130.0,202203
156,Sadanohikari,Makushita 20 East,Sakaigawa,1995-12-31T00:00:00Z,187.0,105.0,201403
623,Yamane,Jonidan 52 East,Naruto,2003-11-14T00:00:00Z,169.0,117.0,201905
288,Kenshin,Makushita 59 West,Sakaigawa,1996-04-04T00:00:00Z,173.0,122.0,201501
382,Ikazuchido,Sandanme 39 East,Irumagawa,2005-03-18T00:00:00Z,180.0,91.0,202205
582,Sadanojo,Jonokuchi 10 East,Sakaigawa,2005-01-05T00:00:00Z,168.0,128.0,202003
209,Ienoshima,Sandanme 86 East,Yamahibiki,2003-08-22T00:00:00Z,176.0,142.0,201903
240,Naya,Makushita 53 West,Otake,1998-01-10T00:00:00Z,185.0,150.0,202003
74,Atamifuji,Maegashira 1 West,Isegahama,1997-04-24T15:00:00Z,186.0,183.0,202011
50,Kinbozan,Maegashira 8 West,Kise,1993-06-26T15:00:00Z,195.0,176.0,202109
507,Asashorei,Jonidan 48 West,Takasago,2004-12-23T00:00:00Z,170.0,91.0,202003
410,Amamidake,Jonidan 61 West,Yamahibiki,1984-11-29T00:00:00Z,178.0,155.5,200511
114,Wakatakamoto,Makushita 25 East,Arashio,1991-12-29T00:00:00Z,182.0,101.2,200911
470,Kototora,Sandanme 77 West,Sadogatake,1994-10-22T00:00:00Z,168.0,107.5,201003
385,Maniwayama,Jonidan 25 West,Takadagawa,2003-06-14T00:00:00Z,175.0,96.0,201903
334,Shoji,Sandanme 34 West,Musashigawa,1994-08-25T00:00:00Z,190.0,135.0,201707
479,Wakafutaba,Jonidan 43 East,Nishiiwa,2005-01-20T00:00:00Z,177.0,92.0,202003
494,Chiyooume,Jonidan 86 East,Kokonoe,1986-01-03T00:00:00Z,174.0,98.0,200403
547,Tsukubayama,Sandanme 81 East,Tatsunami,2001-11-22T00:00:00Z,185.0,112.0,202003
625,Fujiizumi Aone,Banzuke-gai,Nishikido,2004-04-05T00:00:00Z,184.0,158.0,202101
81,Tochitaikai,Juryo 11 East,Kasugano,1999-10-12T00:00:00Z,189.7,154.5,201711
52,Bushozan,Maegashira 16 West,Fujishima,1993-06-26T15:00:00Z,171.0,178.0,201401
339,Shogun,Jonidan 5 West,Shikoroyama,1999-01-21T00:00:00Z,184.0,112.0,201701
283,Hodaka,Sandanme 4 West,Onoe,2000-08-09T00:00:00Z,167.0,133.0,201901
108,Yuma,Makushita 17 East,Onomatsu,1998-06-13T00:00:00Z,178.4,132.4,201403
134,Shiden,Juryo 7 West,Kise,1991-12-24T00:00:00Z,176.0,151.0,201403
378,Daiseizan,Makushita 2 East,Arashio,2000-05-22T00:00:00Z,189.0,150.0,202111
433,Terutaka,Jonidan 45 West,Onoe,2001-03-06T00:00:00Z,175.0,125.0,201811
272,Koki,Sandanme 41 East,Minato,2003-10-21T00:00:00Z,181.0,128.0,201903
90,Higonoumi,Makushita 33 West,Kise,1999-08-17T00:00:00Z,182.5,138.4,201503
413,Tochihayate,Jonidan 35 East,Kasugano,1991-10-28T00:00:00Z,168.0,147.0,201003
589,Wakasei,Jonidan 54 West,Nishiiwa,2003-04-04T00:00:00Z,177.0,88.0,202203
97,Asagyokusei,Makushita 59 East,Takasago,1993-05-29T00:00:00Z,180.5,142.5,201601
69,Kaisho,Makushita 9 West,Asakayama,1995-01-27T15:00:00Z,180.6,152.1,201303
253,Rinko,Sandanme 20 East,Nishonoseki,2006-07-04T00:00:00Z,172.0,118.0,202203
87,Miyagi,Makushita 23 West,Nishonoseki,1999-01-30T00:00:00Z,171.2,110.1,202105
534,Tenkoyama,Jonokuchi 4 West,Shikihide,1995-04-29T00:00:00Z,174.0,115.0,201407
465,Koga,Jonidan 84 West,Futagoyama,2005-12-12T00:00:00Z,176.0,94.0,202109
564,Fukuazuma,Jonidan 18 East,Tamanoi,1999-11-24T00:00:00Z,172.0,141.0,201505
357,Kamitani,Sandanme 11 East,Michinoku,2002-06-18T00:00:00Z,183.0,154.0,201803
37,Takanosho,Maegashira 6 East,Tokiwayama,1990-02-27T15:00:00Z,184.0,170.0,201003
78,Kazekeno,Makushita 1 East,Oshiogawa,1997-04-24T15:00:00Z,186.0,157.0,202203
619,Teraosho Katsuichi,Banzuke-gai,Shikoroyama,1989-04-25T00:00:00Z,180.0,155.0,200503
62,Enho,Jonokuchi 13 West,Miyagino,1995-01-27T15:00:00Z,167.0,100.6,201703
540,Chiyofuku,Jonidan 87 East,Kokonoe,2004-09-02T00:00:00Z,174.0,148.0,202007
8,Kotoshoho,Maegashira 7 East,Sadogatake,1999-08-26T00:00:00Z,191.0,162.0,201711
185,Chiyotora,Makushita 37 East,Kokonoe,2003-04-15T00:00:00Z,176.0,128.0,201905
509,Okuniyama,Jonokuchi 1 East,Asahiyama,1992-09-18T00:00:00Z,188.0,147.2,200803
277,Furanshisu,Jonidan 9 East,Shikihide,1998-08-04T00:00:00Z,173.0,103.0,201603
397,Tochimitsuru,Sandanme 57 West,Kasugano,1995-06-08T00:00:00Z,170.0,115.0,201403
604,Higohikari,Jonokuchi 20 East,Kise,1988-01-27T00:00:00Z,173.0,119.0,200303
279,Kawabuchi,Sandanme 38 West,Shikoroyama,2000-10-21T00:00:00Z,176.0,118.0,201903
458,Shinseido,Jonidan 28 West,Yamahibiki,2003-06-22T00:00:00Z,170.0,75.0,202109
322,Tenei,Jonidan 22 East,Takadagawa,1999-10-11T00:00:00Z,177.0,134.0,201711
347,Asashiyu,Makushita 33 East,Takasago,1994-08-08T00:00:00Z,182.0,154.0,201703
138,Daiseiryu,Sandanme 62 West,Kise,1992-12-30T00:00:00Z,179.5,150.0,201105
88,Kanzaki,Makushita 34 West,Takekuma,1999-07-24T00:00:00Z,189.7,154.5,202203
474,Hokutonami,Jonidan 32 West,Hakkaku,1993-08-16T00:00:00Z,172.0,118.2,201203
469,Fujiyuho,Sandanme 84 East,Fujishima,2000-08-01T00:00:00Z,178.0,126.0,201901
404,Boshuyama,Jonidan 7 East,Sakaigawa,2004-06-23T00:00:00Z,187.0,138.0,202003
519,Wakahizen,Jonidan 1 East,Shibatayama,1990-12-22T00:00:00Z,171.0,121.3,200603
566,Oyamazakura,Jonidan 84 East,Shikihide,2006-08-15T00:00:00Z,180.0,115.0,202203
233,Shuji,Sandanme 3 East,Kise,1995-10-24T00:00:00Z,176.0,133.0,201403
591,Anzakura,Jonidan 1 West,Ajigawa,2005-02-26T00:00:00Z,174.0,93.0,202211
452,Ojiyama,Jonidan 17 East,Tagonoura,2001-07-06T00:00:00Z,191.0,123.0,201703
22,Abi,Sekiwake 1 East,Shikoroyama,1994-05-03T15:00:00Z,187.0,165.0,201305
369,Nakashima,Jonokuchi 18 East,Musashigawa,1998-09-20T00:00:00Z,177.0,182.0,201511
186,Kotohaguro,Makushita 60 East,Sadogatake,2003-01-17T00:00:00Z,183.0,127.0,201803
313,Asatenmai,Sandanme 75 East,Takasago,1981-05-23T00:00:00Z,171.0,113.5,200003
517,Hokutoizumi,Jonidan 83 West,Hakkaku,1998-02-27T00:00:00Z,173.0,122.0,201603
548,Setoyutaka,Jonidan 88 West,Tokitsukaze,1998-08-20T00:00:00Z,176.0,124.0,201805
363,Ryuseio,Jonidan 65 West,Shibatayama,1986-02-14T00:00:00Z,187.0,146.7,200403
574,Yoshinofuji,Jonokuchi 13 West,Isegahama,2001-07-20T00:00:00Z,170.0,94.0,202103
225,Takataisho,Sandanme 75 West,Tokiwayama,1995-06-15T00:00:00Z,174.0,130.0,201105
323,Asakiryu,Sandanme 49 West,Takasago,2002-06-22T00:00:00Z,168.0,78.0,202103
427,Chiyotaiko,Sandanme 88 West,Kokonoe,2001-12-26T00:00:00Z,179.0,130.0,201703
456,Nishikimaru,Jonidan 43 West,Asahiyama,2003-04-03T00:00:00Z,173.0,147.0,201903
336,Kyokushori,Jonidan 3 West,Oshima,1995-03-10T00:00:00Z,169.0,154.0,201301
599,Takatairiku,Jonidan 96 East,Tokiwayama,2005-07-01T00:00:00Z,165.0,94.0,202103
510,Naniwamusashi,Jonidan 70 East,Musashigawa,2004-02-13T00:00:00Z,174.0,90.0,201903
453,Gokishin,Jonidan 59 East,Shikihide,1992-06-01T00:00:00Z,164.0,160.0,201703
73,Akua,Makushita 5 East,Tatsunami,1997-04-24T15:00:00Z,185.0,164.0,201011
192,Fujitoshi,Makushita 13 West,Fujishima,1998-11-23T00:00:00Z,168.0,118.0,202103
190,Hamayutaka,Makushita 47 East,Tokitsukaze,1995-11-17T00:00:00Z,182.0,149.0,201105
543,Kotofuno,Jonidan 99 West,Sadogatake,2006-07-07T00:00:00Z,171.0,136.0,202203
68,Chiyosakae,Juryo 9 West,Kokonoe,1995-01-27T15:00:00Z,180.0,161.0,200901
415,Kaihiryu,Jonidan 31 West,Asakayama,2001-10-17T00:00:00Z,181.0,80.0,202003
429,Tsugunohana,Jonidan 38 West,Onomatsu,1997-10-20T00:00:00Z,187.0,127.0,201603
176,Awanokuni,Makushita 50 West,Takadagawa,2000-05-18T00:00:00Z,178.0,161.0,201901
100,Kurohimeyama,Makushita 54 East,Sakaigawa,2002-01-24T00:00:00Z,183.0,123.0,201805
445,Satsumasho,Jonidan 78 East,Oitekaze,1999-08-06T00:00:00Z,184.0,163.0,202201
576,Ryubumaru,Sandanme 89 East,Musashigawa,1998-07-11T00:00:00Z,185.0,151.0,201405
356,Seido,Jonidan 15 West,Minato,1997-01-12T00:00:00Z,177.0,121.0,201203
518,Kukio,Jonidan 67 West,Onoe,1996-03-08T00:00:00Z,175.0,150.0,201401
524,Tenichi,Jonidan 50 West,Yamahibiki,1977-11-22T00:00:00Z,175.5,136.5,199303
44,Takayasu,Maegashira 3 East,Tagonoura,1990-02-27T15:00:00Z,188.0,181.0,200503
466,Souga,Sandanme 67 East,Futagoyama,2003-02-09T00:00:00Z,178.0,134.0,201805
520,Hakuyo,Jonidan 22 West,Isenoumi,1998-07-12T00:00:00Z,176.0,89.0,201403
503,Yamana,Jonidan 52 West,Onoe,1998-03-17T00:00:00Z,167.0,95.0,201601
131,Toseiryu,Makushita 39 West,Tamanoi,1999-07-05T00:00:00Z,184.0,134.0,202201
59,Hakuyozan,Juryo 12 East,Takadagawa,1995-01-27T15:00:00Z,187.0,180.0,201105
117,Nabatame,Juryo 14 West,Futagoyama,2002-02-22T00:00:00Z,176.0,149.0,202001
129,Nionoumi,Sandanme 15 East,Yamahibiki,1986-12-16T00:00:00Z,173.0,144.0,200203
273,Akatora,Sandanme 44 West,Shikihide,1998-03-01T00:00:00Z,168.0,67.0,201603
337,Asanojo,Sandanme 52 West,Takasago,1986-09-03T00:00:00Z,174.5,114.3,200401
364,Daisho,Jonidan 20 East,Oitekaze,2000-06-04T00:00:00Z,169.0,131.0,201603
112,Kototebakari,Makushita 8 West,Sadogatake,2003-07-08T00:00:00Z,183.7,128.3,202201
212,Wakamiyabi,Makushita 37 West,Futagoyama,2003-06-20T00:00:00Z,183.0,149.0,202203
346,Hamadayama,Sandanme 69 West,Shibatayama,1991-12-02T00:00:00Z,171.0,104.2,200703
196,Hayanami,Sandanme 24 West,Musashigawa,1997-12-19T00:00:00Z,188.0,125.0,201601
438,Oatari,Jonidan 70 West,Shikihide,1999-11-27T00:00:00Z,177.0,129.0,201503
298,Amakaze,Makushita 38 East,Oshiogawa,1991-07-07T00:00:00Z,184.0,200.5,200703
345,Araoyama,Makushita 49 East,Onomatsu,2000-12-12T00:00:00Z,173.0,123.0,201905
86,Shishi,Juryo 10 East,Irumagawa,1997-01-16T00:00:00Z,193.0,171.0,202001
318,Dewanosora,Sandanme 68 East,Dewanoumi,1999-07-03T00:00:00Z,178.0,138.0,201503
370,Mishima,Jonidan 50 East,Naruto,2000-09-18T00:00:00Z,191.0,140.0,201905
164,Asakoryu,Juryo 4 West,Takasago,1998-09-24T00:00:00Z,176.0,120.0,202105
521,Kiryu,Jonidan 71 West,Miyagino,1987-06-09T00:00:00Z,177.5,159.9,200303
256,Mukaida,Sandanme 33 West,Naruto,1998-11-02T00:00:00Z,183.0,139.0,201805
544,Urutora,Jonidan 95 East,Shikihide,1989-05-08T00:00:00Z,164.0,60.0,201009
610,Agora,Sandanme 84 West,Ajigawa,1999-08-06T00:00:00Z,184.0,147.0,202301
154,Dewataikai,Sandanme 80 West,Dewanoumi,1996-11-12T00:00:00Z,181.0,100.0,201203
297,Ginseizan,Jonidan 51 East,Otake,1993-04-06T00:00:00Z,175.0,90.7,201203
425,Kiyonohana,Sandanme 24 East,Dewanoumi,2005-07-23T00:00:00Z,171.0,74.0,202103
171,Hokutomaru,Makushita 32 East,Hakkaku,2000-01-09T00:00:00Z,189.0,118.0,201809
417,Shoketsu,Jonidan 16 East,Shibatayama,1976-09-05T00:00:00Z,184.5,159.5,199503
332,Asahanshin,Jonidan 13 West,Takasago,2000-06-04T00:00:00Z,182.0,148.0,201603
607,Asahakuryu,Makushita 7 East,Takasago,1999-01-08T00:00:00Z,181.0,146.0,202211
460,Satonofuji,Jonidan 95 West,Isegahama,1977-04-15T00:00:00Z,170.3,109.0,199601
2,Asanoyama,Maegashira 12 East,Takasago,1994-03-01T00:00:00Z,189.0,169.0,201603
428,Shunkaku,Jonidan 24 West,Shikoroyama,2002-10-24T00:00:00Z,164.0,86.0,201803
583,Wakakaneko,Jonokuchi 16 West,Nishiiwa,2004-09-15T00:00:00Z,173.0,94.0,202003
150,Asanowaka,Makushita 15 East,Takasago,1995-06-22T00:00:00Z,183.0,126.0,201803
84,Kawazoe,Jonidan 23 West,Miyagino,1999-04-10T00:00:00Z,173.0,117.2,202209
592,Kitanosho,Sandanme 45 West,Hanaregoma,2003-01-18T00:00:00Z,190.0,105.0,202211
516,Chiyotaiyo,Sandanme 85 West,Kokonoe,2001-08-17T00:00:00Z,178.0,78.0,201805
459,Noguchi,Jonidan 80 East,Futagoyama,2006-08-09T00:00:00Z,168.0,149.0,202203
118,Kanpuzan,Sandanme 1 West,Nishonoseki,1993-11-16T00:00:00Z,184.0,131.0,201201
613,Gonoumi,Jonidan 91 West,Takekuma,2004-05-19T00:00:00Z,178.0,128.0,202301
555,Wakaarata,Jonidan 75 East,Nishiiwa,2002-11-16T00:00:00Z,167.0,116.0,201803
261,Tsunekawa,Sandanme 63 East,Arashio,1994-10-17T00:00:00Z,182.0,135.0,201303
526,Denzan,Jonidan 62 West,Otake,1988-06-08T00:00:00Z,174.0,149.0,200403
29,Kagayaki,Maegashira 16 East,Takadagawa,1991-11-04T15:00:00Z,193.0,171.0,201003
58,Tsushimanada,Juryo 12 West,Sakaigawa,1993-06-26T15:00:00Z,185.0,131.0,201605
552,Daitenshin,Jonidan 15 East,Onomatsu,2005-05-19T00:00:00Z,171.0,108.0,202105
56,Gonoyama,Maegashira 3 West,Takekuma,1993-06-26T15:00:00Z,178.0,160.0,202103
221,Kotetsu,Sandanme 9 East,Otake,2001-08-10T00:00:00Z,179.0,146.0,202003
285,Tokisoma,Sandanme 29 West,Tokitsukaze,1998-09-01T00:00:00Z,184.0,125.0,201709
501,Bakukoshin,Jonidan 80 West,Shikihide,1999-12-09T00:00:00Z,170.0,99.0,201703
38,Meisei,Maegashira 1 East,Tatsunami,1990-02-27T15:00:00Z,180.0,156.0,201105
126,Chiyooga,Sandanme 60 East,Kokonoe,2000-01-19T00:00:00Z,173.0,121.0,201803
45,Terunofuji,Yokozuna 1 East,Isegahama,1993-06-26T15:00:00Z,192.0,176.0,201101
7,Kirishima,Sekiwake 2 East,Michinoku,1996-04-24T00:00:00Z,186.0,148.0,201503
498,Dairinzan,Sandanme 47 West,Arashio,2003-09-17T00:00:00Z,180.0,135.0,202203
451,Wakatozakura,Jonidan 76 East,Shikihide,1992-02-24T00:00:00Z,182.0,140.4,200703
386,Chiyoyamato,Sandanme 33 East,Kokonoe,2001-02-16T00:00:00Z,183.0,126.0,202007
39,Chiyoshoma,Maegashira 15 East,Kokonoe,1990-02-27T15:00:00Z,184.0,134.0,200905
426,Ryuseiyama,Sandanme 88 East,Dewanoumi,1991-12-12T00:00:00Z,172.0,124.0,200703
324,Takaseido,Sandanme 50 West,Nishonoseki,2002-10-24T00:00:00Z,178.0,122.0,202103
230,Oyamada,Makushita 28 West,Naruto,1999-05-19T00:00:00Z,178.0,96.0,202205
287,Tanji,Makushita 40 West,Arashio,2006-06-05T00:00:00Z,183.0,114.0,202203
504,Matsugashima,Jonidan 17 West,Takadagawa,2002-09-19T00:00:00Z,176.0,117.0,201803
330,Kotodaishin,Sandanme 8 West,Sadogatake,2001-03-01T00:00:00Z,186.0,151.0,201901
132,Chiyoraizan,Sandanme 18 West,Kokonoe,1987-06-21T00:00:00Z,191.0,151.0,200603
390,Chiyotaisei,Sandanme 58 East,Kokonoe,2001-04-13T00:00:00Z,180.0,175.0,202003
577,Kotosato,Sandanme 51 West,Sadogatake,2001-06-13T00:00:00Z,176.0,169.0,202211
107,Tochimaru,Makushita 56 East,Kasugano,1992-08-26T00:00:00Z,171.0,159.0,201105
488,Tamatensho,Jonidan 49 East,Kataonami,2005-05-14T00:00:00Z,170.0,103.0,202105
444,Tsuyasato,Jonokuchi 7 West,Minato,2001-05-25T00:00:00Z,169.0,155.0,201703
291,Sakai,Sandanme 44 East,Otake,1995-10-28T00:00:00Z,176.0,126.0,201403
140,Yoshii,Makushita 4 West,Tokitsukaze,2003-08-01T00:00:00Z,178.0,152.0,201903
142,Kayo,Juryo 13 West,Nishonoseki,1999-07-14T00:00:00Z,169.0,146.0,202205
137,Yoshiyasu,Makushita 16 West,Kise,1994-05-12T00:00:00Z,190.0,130.0,201703
454,Adachi,Jonidan 90 East,Nishonoseki,1985-07-15T00:00:00Z,183.0,169.5,200205
250,Shunrai,Makushita 40 East,Tatsunami,2005-04-10T00:00:00Z,177.0,119.0,202105
4,Kaizen,Sandanme 16 West,Asakayama,1993-07-29T00:00:00Z,175.1,138.8,201601
270,Yurikisho,Jonidan 19 West,Tokiwayama,2001-09-02T00:00:00Z,167.0,138.0,201709
293,Kaigo,Makushita 27 East,Asakayama,2002-09-11T00:00:00Z,185.0,135.0,201803
342,Kiyonoumi,Sandanme 11 West,Tamanoi,1996-08-21T00:00:00Z,180.0,171.0,201411
265,Kenyu,Sandanme 78 West,Miyagino,1999-02-05T00:00:00Z,180.0,134.0,201403
407,Ai,Jonidan 12 East,Takadagawa,1999-01-30T00:00:00Z,177.0,98.0,201803
531,Kazunofuji,Jonokuchi 11 West,Isegahama,2004-10-14T00:00:00Z,167.0,93.0,202003
42,Chiyomaru,Makushita 6 East,Kokonoe,1990-02-27T15:00:00Z,179.0,177.0,200705
490,Akinishiki,Jonidan 79 West,Asahiyama,1999-10-10T00:00:00Z,167.0,76.0,201803
399,Sawayaka,Jonidan 26 West,Shikihide,2000-02-02T00:00:00Z,172.0,87.0,201605
202,Tosashimizu,Sandanme 67 West,Tokitsukaze,1997-02-25T00:00:00Z,171.0,182.0,201505
409,Teraosho,Sandanme 86 West,Shikoroyama,2005-03-24T00:00:00Z,170.0,141.0,202003
276,Asaobora,Sandanme 55 East,Takasago,2004-06-21T00:00:00Z,186.0,164.0,202003
271,Fukutsuumi,Sandanme 34 East,Hakkaku,1993-04-22T00:00:00Z,183.0,104.6,201003
442,Tokazan,Sandanme 70 West,Tamanoi,2004-01-15T00:00:00Z,181.0,120.0,201903
264,Taranami,Jonidan 6 West,Tatsunami,2002-02-19T00:00:00Z,179.0,131.0,201703
601,Ryuma,Sandanme 48 East,Hanaregoma,1998-07-24T00:00:00Z,183.0,132.0,201403
92,Arauma,Sandanme 20 West,Isenoumi,1996-10-26T00:00:00Z,183.3,136.1,202009
94,Fujinoyama,Makushita 35 East,Fujishima,2000-07-26T00:00:00Z,182.7,140.2,201901
101,Tamashoho,Juryo 6 West,Kataonami,1993-03-06T00:00:00Z,189.0,124.0,201107
110,Kiryuko,Makushita 1 West,Tatsunami,2002-10-31T00:00:00Z,177.0,133.0,202105
615,Wakaikari,Makushita 5 West,Isenoumi,2005-02-22T00:00:00Z,175.0,109.0,202301
580,Tsuru,Jonidan 40 West,Fujishima,2004-12-19T00:00:00Z,176.0,133.0,202211
375,Shimanishiki,Sandanme 83 East,Asahiyama,2000-09-13T00:00:00Z,185.0,124.0,201903
457,Kirinohana,Jonidan 45 East,Michinoku,2005-01-08T00:00:00Z,176.0,77.0,202003
60,Hidenoumi,Juryo 9 East,Kise,1995-01-27T15:00:00Z,186.0,163.0,201205
48,Daishoho,Juryo 4 East,Oitekaze,1993-06-26T15:00:00Z,185.0,196.0,201301
15,Ryuden,Maegashira 8 East,Takadagawa,1994-05-03T15:00:00Z,189.0,155.0,200603
431,Arise,Jonidan 42 East,Tokitsukaze,2000-02-16T00:00:00Z,175.0,93.0,202203
486,Fujinoteru,Jonidan 69 West,Onoe,1998-08-24T00:00:00Z,166.0,72.0,201403
239,Taiyo,Sandanme 5 East,Onoe,2001-05-18T00:00:00Z,167.0,106.0,202001
25,Takarafuji,Maegashira 13 West,Isegahama,1991-11-04T15:00:00Z,186.0,169.0,200901
558,Kyonosato,Jonokuchi 2 East,Isenoumi,1996-09-26T00:00:00Z,183.0,147.0,201503
341,Goshimaru,Sandanme 51 East,Musashigawa,1996-09-11T00:00:00Z,180.0,112.0,201511
392,Biganzan,Sandanme 71 West,Yamahibiki,2002-06-21T00:00:00Z,185.0,159.0,201803
197,Hananoumi,Makushita 29 East,Nishonoseki,2003-04-15T00:00:00Z,174.0,123.0,202201
124,Kitaharima,Makushita 2 West,Yamahibiki,1986-07-28T00:00:00Z,182.0,121.0,200203
247,Mochizuki,Jonidan 45 East,Otake,1996-03-08T00:00:00Z,175.0,100.0,201607
420,Masakifuji,Jonidan 19 East,Isegahama,2003-11-12T00:00:00Z,168.0,105.0,202111
66,Kitanowaka,Juryo 3 East,Hakkaku,1995-01-27T15:00:00Z,191.0,150.0,201903
315,Daishomune,Sandanme 46 East,Oitekaze,1992-07-08T00:00:00Z,177.0,110.0,201101
180,Kaishin,Makushita 53 East,Tagonoura,2001-09-25T00:00:00Z,183.0,149.0,201703
259,Saidaiji,Sandanme 46 West,Irumagawa,1994-06-09T00:00:00Z,180.0,182.0,201301
561,Minorufuji,Jonokuchi 12 East,Isegahama,2002-05-08T00:00:00Z,173.0,98.0,202011
159,Daikisho,Sandanme 17 West,Oitekaze,2000-08-18T00:00:00Z,182.0,145.0,201901
487,Zuitenryu,Jonidan 6 East,Sakaigawa,2005-12-02T00:00:00Z,175.0,127.0,202103
333,Nagata,Sandanme 71 East,Dewanoumi,2002-05-12T00:00:00Z,167.0,113.0,202101
416,Kassho,Sandanme 72 East,Yamahibiki,2002-10-22T00:00:00Z,171.0,133.0,202103
351,Hidano,Sandanme 80 East,Arashio,1990-09-14T00:00:00Z,179.0,133.0,201111
204,Tomiyutaka,Sandanme 65 East,Tokitsukaze,2000-07-08T00:00:00Z,179.0,136.0,201903
125,Tsurubayashi,Makushita 42 West,Kise,1993-12-31T00:00:00Z,178.0,136.3,200903
55,Roga,Maegashira 15 West,Futagoyama,1993-06-26T15:00:00Z,184.0,152.0,201809
70,Kotokuzan,Makushita 3 East,Arashio,1997-04-24T15:00:00Z,180.0,162.0,200909
290,Kawamura,Makushita 51 East,Naruto,2001-09-03T00:00:00Z,176.0,110.0,201805
18,Azumaryu,Makushita 13 East,Tamanoi,1987-05-12T00:00:00Z,192.0,147.2,200811
210,Seigo,Makushita 45 West,Shikoroyama,1998-12-25T00:00:00Z,176.0,157.0,201703
406,Kyokutaiga,Jonidan 33 West,Oshima,2006-02-28T00:00:00Z,166.0,136.0,202103
584,Fubu,Jonidan 57 West,Musashigawa,1998-07-28T00:00:00Z,175.0,75.0,201405
537,Matsuzawa,Jonidan 89 West,Tagonoura,2005-06-14T00:00:00Z,166.0,69.0,202103
463,Kogomaru,Jonidan 93 West,Shikihide,1995-03-08T00:00:00Z,169.0,131.0,202003
418,Fukushoryu,Jonidan 41 West,Minato,2000-03-16T00:00:00Z,180.0,123.0,201503
586,Kazeeidai,Sandanme 32 East,Oshiogawa,2004-07-05T00:00:00Z,178.0,110.0,202211
401,Takakurayama,Jonidan 79 East,Onoe,1998-08-11T00:00:00Z,181.0,129.0,201403
266,Aoi,Sandanme 37 West,Shikoroyama,1992-04-02T00:00:00Z,181.0,141.0,200803
317,Kisenoumi,Sandanme 64 East,Kise,2001-04-12T00:00:00Z,181.0,137.0,201903
611,Nagamura,Makushita 35 West,Kise,2004-06-30T00:00:00Z,172.0,133.0,202301
597,Kanryu,Sandanme 81 West,Arashio,1992-04-18T00:00:00Z,177.5,99.5,200803
120,Osanai,Makushita 28 East,Takasago,1999-03-01T00:00:00Z,174.0,122.0,202103
51,Chiyonokuni,Makushita 5 West,Kokonoe,1990-07-10T00:00:00Z,184.0,143.8,200605
424,Chiyoresshi,Sandanme 82 East,Kokonoe,2003-04-03T00:00:00Z,173.0,113.0,202007
600,Wakayahara,Jonidan 97 East,Nishiiwa,2005-03-09T00:00:00Z,168.0,86.0,202003
172,Kototsubasa,Sandanme 10 West,Sadogatake,1992-02-23T00:00:00Z,174.0,105.0,200703
251,Toshunryu,Makushita 23 East,Tamanoi,1999-04-16T00:00:00Z,172.0,95.0,202205
269,Honma,Sandanme 85 East,Naruto,2001-05-01T00:00:00Z,171.0,118.0,201703
208,Chiyodaigo,Sandanme 3 West,Kokonoe,1998-02-28T00:00:00Z,184.0,129.0,201607
559,Hokutoyakumo,Jonidan 73 West,Hakkaku,2004-01-13T00:00:00Z,177.0,133.0,201903
302,Teraoumi,Jonidan 13 East,Shikoroyama,1987-08-07T00:00:00Z,186.0,123.6,200601
152,Nobehara,Sandanme 9 West,Futagoyama,2002-06-09T00:00:00Z,179.0,137.0,202105
63,Takakento,Makushita 44 West,Tokiwayama,1995-01-27T15:00:00Z,179.0,165.0,201401
477,Aoifuji,Jonokuchi 13 East,Isegahama,2003-06-28T00:00:00Z,167.0,94.0,202111
461,Hishuyama,Jonidan 44 West,Sakaigawa,2004-07-08T00:00:00Z,170.0,106.0,202003
49,Shonannoumi,Maegashira 5 West,Takadagawa,1993-06-26T15:00:00Z,194.0,190.0,201403
500,Takaarashi,Sandanme 59 West,Tagonoura,2006-12-28T00:00:00Z,171.0,105.0,202203
187,Shohoryu,Makushita 27 West,Tokitsukaze,1996-10-12T00:00:00Z,172.0,139.0,201409
383,Mimurodake,Jonidan 21 East,Isegahama,1987-03-18T00:00:00Z,178.5,146.2,200203
1,Takakeisho,Ozeki 2 West,Tokiwayama,1996-08-05T00:00:00Z,175.0,165.0,201409
326,Hokutoshu,Sandanme 30 East,Hakkaku,1994-01-14T00:00:00Z,182.0,113.6,201203
400,Takanoryu,Sandanme 16 East,Tagonoura,2004-09-03T00:00:00Z,170.0,121.0,202003
414,Tokio,Jonidan 8 West,Isenoumi,2000-08-16T00:00:00Z,174.0,147.0,201603
139,Setonoumi,Makushita 49 East,Takadagawa,2004-06-11T00:00:00Z,179.0,108.0,202003
163,Taiga,Makushita 51 West,Arashio,2003-01-13T00:00:00Z,185.0,109.0,201803
113,Tokunomusashi,Makushita 12 East,Musashigawa,2000-07-25T00:00:00Z,192.0,136.0,201605
31,Tsurugisho,Juryo 5 West,Oitekaze,1991-11-04T15:00:00Z,185.0,198.0,201401
106,Yago,Makushita 16 East,Oshiogawa,1994-07-08T00:00:00Z,188.0,176.0,201705
232,Fujinowaka,Sandanme 50 East,Fujishima,1994-09-27T00:00:00Z,176.0,139.0,201005
569,Sachinofuji,Sandanme 83 West,Isegahama,2006-03-06T00:00:00Z,168.0,79.0,202207
365,Kaishinmaru,Sandanme 73 West,Asakayama,1998-09-14T00:00:00Z,170.0,138.0,201403
149,Kotodairyu,Makushita 52 East,Sadogatake,1993-08-15T00:00:00Z,175.0,113.4,200903
602,Sawaisamu,Jonokuchi 11 East,Shikihide,1977-02-07T00:00:00Z,169.0,105.5,199207
620,Chikunokura Kyuzo,Banzuke-gai,Musashigawa,2002-06-21T00:00:00Z,174.0,131.0,201803
238,Onokura,Sandanme 56 East,Miyagino,1998-06-09T00:00:00Z,170.0,167.0,201403
128,Asakoki,Makushita 41 East,Takasago,1990-12-19T00:00:00Z,186.0,116.0,200903
214,Oka,Sandanme 19 East,Minato,1993-03-03T00:00:00Z,189.0,151.0,201105
563,Chiyotsurugi,Jonidan 58 East,Kokonoe,2003-06-18T00:00:00Z,168.0,90.0,201907
565,Chiyotensho,Jonidan 74 West,Kokonoe,2004-12-06T00:00:00Z,172.0,95.0,202007
411,Takatsukasa,Jonidan 54 East,Irumagawa,2002-02-06T00:00:00Z,172.0,86.0,202001
76,Hayatefuji,Sandanme 29 East,Isegahama,1997-04-24T15:00:00Z,171.8,147.4,202001
83,Tokihayate,Juryo 1 East,Tokitsukaze,1996-08-25T00:00:00Z,179.0,133.0,201903
556,Asadoji,Jonidan 47 West,Takasago,2000-03-31T00:00:00Z,170.0,80.0,201503
472,Koshinoryu,Jonidan 42 West,Fujishima,1979-05-17T00:00:00Z,179.0,166.0,199503
482,Mori,Jonidan 52 West,Tamanoi,1992-07-02T00:00:00Z,172.0,126.0,201101
476,Taniguchi,Sandanme 59 East,Nishonoseki,2005-08-03T00:00:00Z,167.0,127.0,202103
447,Okanojo,Jonidan 58 West,Dewanoumi,2003-05-21T00:00:00Z,165.0,98.0,201903
377,Kyokutaisei,Makushita 19 East,Oshima,1989-10-18T00:00:00Z,184.0,128.2,200801
135,Dewanoryu,Makushita 9 East,Dewanoumi,2001-03-07T00:00:00Z,179.0,143.0,201909
316,Suzaki,Makushita 48 East,Otake,2004-04-02T00:00:00Z,168.0,78.0,202003
353,Musashiumi,Jonidan 14 West,Fujishima,1981-04-26T00:00:00Z,182.0,138.8,199703
8846,Daishoheki,Jonidan 80 East,Oitekaze,2004-07-19T00:00:00Z,177.0,160.0,202305
8847,Daibasho,Jonidan 91 East,Oitekaze,2008-03-21T00:00:00Z,166.0,102.0,202305
8848,Yumenofuji,Jonidan 57 East,Isegahama,2008-02-02T00:00:00Z,181.0,130.0,202305
8849,Makotofuji,Jonokuchi 14 East,Isegahama,2007-05-24T00:00:00Z,175.0,144.0,202305
8850,Masarufuji,Jonidan 86 West,Isegahama,2007-11-06T00:00:00Z,172.0,85.0,202305
8851,Miyatani,Jonidan 37 West,Musashigawa,2007-05-07T15:00:00Z,178.0,119.0,202305
8852,Soseizan,Jonokuchi 9 West,Nishonoseki,2004-07-03T00:00:00Z,186.0,138.0,202305
8853,Datenoumi,Jonidan 64 West,Isenoumi,2005-01-12T00:00:00Z,192.0,178.0,202305
8854,Datenomori,Jonidan 53 East,Isenoumi,2005-01-12T00:00:00Z,191.0,180.0,202305
8855,Fujiso,Sandanme 25 West,Nishonoseki,2004-10-14T00:00:00Z,185.0,133.0,202305
8856,Kuwae,Sandanme 42 West,Futagoyama,2004-09-20T00:00:00Z,173.0,122.0,202305
8857,Kiyonoyama,Sandanme 90 East,Dewanoumi,2007-12-24T00:00:00Z,173.0,91.0,202305
8858,Higonomaru,Makushita 45 East,Kise,2004-12-19T00:00:00Z,185.0,144.0,202305
8859,Keiga,Jonidan 39 West,Futagoyama,2007-09-02T00:00:00Z,184.0,126.0,202305
8860,Katsunishiki,Jonokuchi 5 West,Nishikido,2007-08-16T00:00:00Z,165.0,94.0,202305
8861,Togyokuko,Jonidan 78 West,Tamanoi,2007-08-29T00:00:00Z,172.0,114.0,202305
8862,Soma,Sandanme 40 West,Futagoyama,2004-09-03T00:00:00Z,178.0,129.0,202305
8863,Shimabukuro,Jonidan 33 East,Hanaregoma,2004-08-19T00:00:00Z,175.0,128.0,202305
8864,Sachinoyama,Jonidan 59 West,Takadagawa,2007-04-24T00:00:00Z,168.0,78.0,202305
8866,Kakuho,Jonokuchi 17 West,Michinoku,2007-08-20T00:00:00Z,171.0,85.0,202305
8867,Chiyorozan,Jonidan 85 East,Kokonoe,2004-05-13T00:00:00Z,176.0,107.0,202305
8868,Hoshi,Jonokuchi 2 West,Asahiyama,2004-11-03T00:00:00Z,178.0,125.0,202305
8869,Asasakurai,Jonokuchi 1 West,Takasago,2007-11-28T00:00:00Z,173.0,131.0,202305
8870,Kazeyuki,Sandanme 77 East,Oshiogawa,2004-10-27T00:00:00Z,167.0,129.0,202305
8871,Fujihara,Jonidan 99 East,Tokitsukaze,2007-11-28T00:00:00Z,183.0,151.0,202305
8872,Satokaneko,Jonokuchi 14 East,Nishiiwa,2008-02-06T00:00:00Z,168.0,65.0,202305
8873,Ryuji,Sandanme 64 West,Onomatsu,2004-11-26T00:00:00Z,186.0,109.0,202305
8874,Kotomunakata,Jonidan 49 West,Sadogatake,2007-11-27T00:00:00Z,178.0,142.0,202305
8875,Akenonami,Jonokuchi 12 East,Tatsunami,2004-04-13T00:00:00Z,174.0,122.0,202305
8876,Itoga,Jonidan 59 East,Sakaigawa,2007-07-02T00:00:00Z,174.0,115.0,202305
8877,Haruyama,Makushita 24 East,Onoe,2000-06-03T00:00:00Z,181.0,141.0,202305
8878,Shiroma,Makushita 18 West,Onoe,2000-05-16T00:00:00Z,180.0,175.0,202305
8879,Onosato,Sekiwake 1 West,Nishonoseki,2000-06-07T00:00:00Z,192.0,177.0,202305
8880,Anosho,Makushita 39 East,Ajigawa,2005-03-02T00:00:00Z,175.0,153.0,202307
8881,Karino,Jonidan 60 East,Naruto,2005-03-13T00:00:00Z,183.0,125.0,202307
8882,Kotohanashiro,Jonidan 55 West,Sadogatake,2008-02-04T00:00:00Z,178.0,132.0,202307
8883,Shimamura,Jonidan 85 West,Arashio,2001-02-10T00:00:00Z,177.0,114.0,202307
8884,Aonishiki,Makushita 17 West,Ajigawa,2004-03-23T00:00:00Z,180.0,125.0,202311
8885,Daigoyama,Jonidan 3 East,Isenoumi,2006-08-17T00:00:00Z,182.0,121.0,202311
8886,Togyokuko,Jonidan 86 East,Tamanoi,2007-08-29T00:00:00Z,172.0,119.3,202311
8887,Onokatsu,Juryo 1 West,Onomatsu,2000-05-05T00:00:00Z,185.0,151.0,202311
8888,Kyokukaiyu,Makushita 58 East,Oshima,2000-04-04T00:00:00Z,180.0,142.0,202401
8889,Anhibiki,Sandanme 62 East,,,,,202401
8890,Anryukai,Jonidan 10 West,Ajigawa,2005-11-09T00:00:00Z,173.0,83.0,202401
8891,Daishiyama,Jonidan 38 East,Tatsunami,2005-08-18T00:00:00Z,178.0,109.0,202401
8893,Inami,Sandanme 55 West,Onoe,2000-08-21T15:00:00Z,189.0,145.0,202403
8894,Daimasakari,Jonidan 11 East,Oitekaze,2005-04-30T15:00:00Z,167.0,141.0,202403
8895,Suzunofuji,Jonidan 12 West,Isegahama,2005-06-06T15:00:00Z,183.0,133.0,202403
8896,Ayanofuji,Jonidan 35 West,Isegahama,2005-08-06T15:00:00Z,184.0,158.0,202403
8897,Kyokutendo,Jonidan 81 East,Oshima,2005-07-20T15:00:00Z,177.0,139.0,202403
8898,Kyokutairyu,Jonidan 36 East,Oshima,2006-01-21T15:00:00Z,177.0,138.0,202403
8899,Kato,Jonidan 61 East,Nishonoseki,2005-09-02T15:00:00Z,182.0,112.0,202403
8900,Kumanohana,Jonokuchi 13 East,Takekuma,2005-05-17T15:00:00Z,167.0,98.0,202403
8901,Shibuya,Jonidan 44 East,Nishonoseki,2005-07-01T15:00:00Z,184.0,113.0,202403
8902,Nishikio,Jonidan 77 West,Nishikido,2005-07-22T15:00:00Z,173.0,141.0,202403
8903,Matsui,Makushita 31 West,Miyagino,2004-10-11T15:00:00Z,171.0,118.0,202403
8904,Keitenkai,Sandanme 43 West,Onomatsu,1990-03-09T15:00:00Z,175.0,112.5,202403
8905,Tokitenran,Sandanme 6 West,Tokitsukaze,2001-11-26T15:00:00Z,172.0,120.0,202403
8906,Niya,Jonidan 66 East,Kasugano,2006-02-08T15:00:00Z,179.0,130.0,202405
8907,Ikazuchiarashi,Jonidan 66 West,Ikazuchi,2005-07-14T15:00:00Z,170.0,144.0,202405
8908,Noda,Jonidan 27 East,Fujishima,2005-11-26T15:00:00Z,185.0,130.0,202405
8909,Imamura,Jonidan 68 East,Nishonoseki,2005-09-11T15:00:00Z,180.0,114.0,202405
8910,Sekimoto,Jonidan 68 West,Onomatsu,2005-08-04T15:00:00Z,167.0,116.0,202405
8911,Hamada,Jonidan 53 West,Shikoroyama,2006-03-15T15:00:00Z,169.0,99.0,202405
8912,Takeuchi,Jonokuchi 6 East,Otowayama,2008-09-07T15:00:00Z,171.0,112.0,202405
8913,Ujiie,Jonokuchi 3 East,Asakayama,2007-09-19T15:00:00Z,178.0,111.0,202405
8914,Hakuryu,Jonokuchi 3 West,Otowayama,2005-11-05T15:00:00Z,182.0,141.0,202405
8915,Daikosho,Jonidan 55 East,Oitekaze,2002-02-20T15:00:00Z,189.0,166.0,202405
8916,Shoryu,Jonidan 71 East,Otowayama,2005-04-16T15:00:00Z,190.0,107.0,202405
8917,Kotokoguchi,Jonidan 56 West,Sadogatake,2005-04-29T15:00:00Z,170.0,116.0,202405
8918,Tsurugifuji,Jonidan 72 East,Takadagawa,2008-10-25T15:00:00Z,181.0,118.0,202405
8919,Daishisho,Jonokuchi 7 East,Oitekaze,2009-01-13T15:00:00Z,169.0,89.0,202405
8920,Narita,Jonokuchi 7 West,Takadagawa,2008-12-09T15:00:00Z,174.0,109.0,202405
8921,Uzumasa,Jonidan 72 West,Isenoumi,2008-10-28T15:00:00Z,183.0,121.0,202405
8922,Amidaishin,Jonidan 73 East,Nishonoseki,2008-06-23T15:00:00Z,174.0,112.0,202405
8923,Fukuoka,Jonokuchi 6 West,Tagonoura,2008-06-24T15:00:00Z,173.0,142.0,202405
8924,Ono,Jonokuchi 4 East,Isegahama,2005-11-25T15:00:00Z,180.0,119.0,202405
8925,Tamaki,Jonidan 74 East,Asakayama,2008-04-05T15:00:00Z,176.0,136.0,202405
8926,Amanofuji,Jonokuchi 5 East,Isegahama,2008-09-20T15:00:00Z,172.0,89.0,202405
8927,Seiseigo,Jonokuchi 8 East,Nishonoseki,2008-06-02T15:00:00Z,165.0,110.0,202405
8928,Wakasasaki,Jonokuchi 17 East,Nishiiwa,2009-01-05T15:00:00Z,173.0,112.0,202405
8929,Nakayama,Jonidan 75 West,Asakayama,2008-05-16T15:00:00Z,175.0,134.0,202405
8930,Hara,Jonokuchi 8 West,Hakkaku,2007-04-25T15:00:00Z,170.0,110.0,202405
8931,Okaryu,Sandanme 31 West,Tatsunami,2001-10-08T15:00:00Z,175.0,160.0,202405
8932,Seihakuho,Jonidan 25 East,Isegahama,2000-08-23T15:00:00Z,192.0,127.0,202405
8933,Kusano,Makushita 29 West,Isegahama,2001-06-25T15:00:00Z,184.0,150.0,202405
8934,Oki,Sandanme 36 West,Shikoroyama,1996-06-11T15:00:00Z,186.0,158.8,202407
8935,Yonezawaryu,Jonokuchi 14 East,Sakaigawa,2005-03-27T15:00:00Z,190.0,133.0,202407
8936,Shimizuumi,Jonokuchi 14 West,Sakaigawa,2001-05-23T15:00:00Z,175.0,128.0,202407
8937,Miyafuji,Jonokuchi 15 East,Isegahama,2005-07-27T15:00:00Z,173.0,140.0,202407
8938,Kotomotomura,Jonokuchi 15 West,Sadogatake,2008-08-13T15:00:00Z,160.0,68.0,202407
8939,Musubiyama,Jonokuchi 16 East,Hanaregoma,2006-03-30T15:00:00Z,188.0,104.0,202407
8940,Kikuchi,Jonokuchi 16 West,Futagoyama,2009-02-02T15:00:00Z,175.0,105.0,202407
8941,Yamada,Jonokuchi 18 East,Nishonoseki,2004-06-01T15:00:00Z,173.0,75.0,202407
8942,Ishizaki,Makushita 60 East,Takasago,2000-08-08T15:00:00Z,172.0,117.0,202407
8943,Kazuma,Makushita 60 West,Kise,2001-11-11T15:00:00Z,184.0,195.0,202407
