id,ring_name,current_rank,heya,birthday,height,weight,debut,total_wins,total_losses,total_matches
218,Dairaido,Sandanme 27 East,Takadagawa,1980-04-17T00:00:00Z,177.0,151.0,199603,619,580,1199
299,Kayatoiwa,Sandanme 70 East,Minato,1991-07-13T00:00:00Z,176.0,103.5,200703,337,347,684
36,Myogiryu,Juryo 8 West,Sakaigawa,1990-02-27T15:00:00Z,188.0,154.0,200905,601,597,1198
275,Oshozan,Sandanme 48 West,Naruto,2000-05-11T00:00:00Z,168.0,123.0,201603,164,153,317
614,Daitengu,Jonidan 67 East,Takadagawa,2004-06-17T00:00:00Z,177.0,93.0,202301,28,35,63
27,Hokutofuji,Maegashira 13 East,Hakkaku,1991-11-04T15:00:00Z,184.0,161.0,201503,406,343,749
327,Shosei,Jonokuchi 2 West,Sakaigawa,1986-05-27T00:00:00Z,166.0,123.0,200503,388,371,759
595,Itakozakura,Jonokuchi 9 East,Shikihide,1978-10-02T00:00:00Z,178.0,139.5,199403,515,734,1249
542,Terunosato,Jonidan 96 West,Tagonoura,1978-01-27T00:00:00Z,178.0,150.2,199303,588,667,1255
41,Oho,Maegashira 6 West,Otake,1990-02-27T15:00:00Z,191.0,176.0,201801,241,193,434
340,Masuminato,Jonidan 36 West,Onomatsu,1995-06-12T15:00:00Z,169.0,145.2,201405,204,198,402
175,Oyamatoumi,Makushita 34 East,Yamahibiki,1992-12-24T15:00:00Z,180.0,167.0,201503,198,180,378
224,Aratakayama,Sandanme 21 West,Tokiwayama,1992-12-24T15:00:00Z,180.0,167.0,201903,113,102,215
177,Wakazakura,Sandanme 17 East,Kasugano,1992-12-24T15:00:00Z,180.0,167.0,201803,134,118,252
355,Marusho,Sandanme 2 West,Naruto,1992-12-24T15:00:00Z,180.0,167.0,201905,112,85,197
8175,Daishinkai,Jonidan 30 East,Otake,1992-12-24T15:00:00Z,180.0,167.0,201903,41,65,106
10,Onosho,Maegashira 5 East,Onomatsu,1992-12-24T15:00:00Z,177.0,165.0,201301,470,407,877
11,Ichiyamamoto,Maegashira 11 East,Hanaregoma,1993-09-30T15:00:00Z,188.0,150.0,201701,266,206,472
352,Inaba,Sandanme 56 West,Onomatsu,1992-12-24T15:00:00Z,180.0,167.0,201903,107,110,217
506,Takashoki,Sandanme 7 West,Tokiwayama,1992-12-24T15:00:00Z,180.0,167.0,202103,72,60,132
26,Mitakeumi,Maegashira 2 West,Dewanoumi,1991-11-04T15:00:00Z,180.0,167.0,201503,458,353,811
6,Kazenoumi,Makushita 18 East,Oshiogawa,1995-10-18T15:00:00Z,183.0,156.2,202209,44,26,70
292,Hogasho,Sandanme 8 East,Tokitsukaze,1995-10-18T15:00:00Z,171.4,144.2,202103,77,63,140
182,Nishikikuni,Sandanme 79 East,Shibatayama,1995-10-18T15:00:00Z,171.4,144.2,201903,108,89,197
331,Amane,Sandanme 52 East,Shikoroyama,1995-10-18T15:00:00Z,171.4,144.2,201703,146,155,301
329,Ebisumaru,Sandanme 47 East,Takadagawa,1995-10-18T15:00:00Z,171.4,144.2,200703,341,373,714
200,Tendozan,Makushita 21 West,Fujishima,1995-10-18T15:00:00Z,171.4,144.2,202001,100,68,168
249,Kyoda,Sandanme 31 East,Futagoyama,1995-10-18T15:00:00Z,171.4,144.2,202011,81,73,154
145,Nihonyanagi,Makushita 12 West,Onomatsu,1995-10-18T15:00:00Z,171.4,144.2,201911,105,79,184
344,Chiyohokkai,Sandanme 78 East,Kokonoe,1995-10-18T15:00:00Z,171.4,144.2,201801,128,131,259
621,Hokuozan Kokichi,Banzuke-gai,Naruto,1995-10-18T15:00:00Z,171.4,144.2,202003,39,17,56
195,Wakanosho,Makushita 7 West,Tokiwayama,2003-08-22T00:00:00Z,178.0,126.0,202201,67,38,105
398,Asaazuma,Sandanme 76 East,Takasago,1999-05-18T00:00:00Z,182.0,119.0,201801,124,142,266
381,Takano,Jonidan 2 East,Kise,2001-05-17T00:00:00Z,174.0,162.0,202007,75,72,147
173,Sasakiyama,Makushita 50 East,Kise,1991-06-12T00:00:00Z,179.5,137.0,201001,304,262,566
12,Wakatakakage,Maegashira 14 East,Arashio,1994-05-03T15:00:00Z,182.0,135.0,201703,318,199,517
489,Daishimatsu,Sandanme 87 East,Onomatsu,2003-05-07T00:00:00Z,175.0,176.0,202203,54,44,98
57,Shimazuumi,Juryo 10 West,Hanaregoma,1993-06-26T15:00:00Z,175.0,164.0,201203,326,260,586
505,Mabuchi,Jonidan 8 East,Musashigawa,2004-12-19T00:00:00Z,184.0,154.0,202007,75,91,166
492,Wakaonehara,Jonidan 29 East,Nishiiwa,2003-06-12T00:00:00Z,167.0,73.0,202003,70,78,148
248,Wakakinsho,Sandanme 14 East,Hanaregoma,1996-12-26T00:00:00Z,178.0,138.0,201307,220,208,428
485,Kokuryunami,Jonidan 82 East,Tatsunami,1995-04-20T00:00:00Z,179.0,100.0,201403,183,209,392
394,Daikinryu,Jonidan 46 West,Sakaigawa,2004-03-17T00:00:00Z,171.0,110.0,202203,42,30,72
155,Ohata,Sandanme 27 West,Tokitsukaze,1996-10-24T00:00:00Z,186.0,138.0,201411,203,196,399
17,Endo,Maegashira 14 West,Oitekaze,1994-05-03T15:00:00Z,184.0,149.0,201303,490,456,946
395,Fujinotani,Sandanme 63 West,Hakkaku,1997-08-07T00:00:00Z,165.0,88.3,201303,219,212,431
627,Kagamio Hideoki,Banzuke-gai,Isenoumi,1988-02-09T00:00:00Z,182.0,136.0,200307,437,408,845
40,Nishikifuji,Maegashira 17 East,Isegahama,1990-02-27T15:00:00Z,184.0,151.0,201609,265,231,496
478,Kyokushozan,Jonidan 18 West,Oshima,2001-01-25T00:00:00Z,169.0,86.0,201901,102,112,214
216,Kinotsukasa,Makushita 58 West,Irumagawa,2000-01-19T00:00:00Z,173.0,121.0,201803,131,106,237
387,Shinyashiki,Sandanme 43 East,Otake,1998-01-31T00:00:00Z,169.0,72.0,201311,207,228,435
278,Chiyotaiho,Sandanme 25 East,Kokonoe,2001-08-01T00:00:00Z,173.0,146.0,201703,143,131,274
281,Akiyoshi,Makushita 36 East,Onomatsu,2001-09-03T00:00:00Z,177.0,163.0,202007,94,74,168
184,Chiyonoo,Makushita 26 West,Kokonoe,1991-05-29T00:00:00Z,180.0,149.0,201003,449,443,892
245,Kirinryu,Makushita 55 West,Nishonoseki,2001-12-21T00:00:00Z,173.0,105.0,202001,96,86,182
402,Fujimusashi,Sandanme 54 West,Musashigawa,2005-03-31T00:00:00Z,166.0,115.0,202003,80,86,166
179,Kaiseijo,Makushita 38 West,Asakayama,1998-07-02T00:00:00Z,179.0,108.0,201403,219,207,426
349,Yoshiazuma,Jonidan 16 West,Tamanoi,1977-05-26T00:00:00Z,197.0,166.0,199601,660,683,1343
274,Kanazawa,Makushita 57 East,Naruto,2003-06-20T00:00:00Z,182.0,164.0,202203,57,38,95
229,Chikuba,Jonidan 93 East,Miyagino,2001-04-10T00:00:00Z,173.0,100.0,201703,136,137,273
481,Ogitora,Jonidan 62 East,Dewanoumi,2003-03-24T00:00:00Z,171.0,97.0,201803,119,136,255
215,Kiyota,Makushita 49 West,Dewanoumi,2003-08-04T00:00:00Z,177.0,107.0,201903,113,89,202
123,Tosamidori,Makushita 21 East,Onomatsu,1996-05-11T00:00:00Z,181.0,147.0,201507,165,105,270
616,Izumigawa Ryuchi,Banzuke-gai,Shibatayama,1997-05-12T00:00:00Z,180.0,121.0,201601,130,129,259
493,Satsumao,Jonokuchi 1 East,Shikihide,2000-07-26T00:00:00Z,183.0,120.0,201607,133,171,304
77,Hatsuyama,Makushita 22 East,Tamanoi,1997-04-24T15:00:00Z,193.3,136.3,202203,61,43,104
199,Kotokenryu,Makushita 11 East,Sadogatake,2004-01-19T00:00:00Z,182.0,133.0,202111,67,37,104
554,Watatani,Jonidan 62 West,Arashio,1999-07-07T00:00:00Z,175.0,92.0,201505,159,196,355
193,Kirinofuji,Sandanme 78 West,Michinoku,1994-07-28T00:00:00Z,186.0,140.0,201101,245,238,483
536,Wakaikki,Jonidan 63 West,Hanaregoma,1998-04-16T00:00:00Z,172.0,123.0,201403,153,240,393
5,Takerufuji,Juryo 2 East,Isegahama,1999-04-09T00:00:00Z,184.0,143.0,202209,71,11,82
262,Shinhakuho,Sandanme 69 East,Miyagino,2002-01-20T00:00:00Z,192.0,117.0,202003,83,65,148
310,Michihaya,Jonidan 92 East,Onomatsu,2003-08-21T00:00:00Z,187.0,167.0,202203,27,16,43
136,Tochiseiryu,Makushita 22 West,Kasugano,1995-04-26T00:00:00Z,174.0,133.0,201403,229,194,423
296,Tappa,Sandanme 49 East,Otake,2001-01-30T00:00:00Z,184.0,122.0,201609,159,154,313
412,Jokoki,Jonidan 28 East,Musashigawa,2006-07-16T00:00:00Z,175.0,121.0,202203,46,50,96
541,Tamanotora,Jonidan 88 East,Kataonami,2005-12-22T00:00:00Z,173.0,106.0,202103,52,88,140
95,Oshoumi,Makushita 3 West,Naruto,2001-05-12T00:00:00Z,183.0,140.0,202003,110,61,171
338,Yutakasho,Makushita 43 East,Sakaigawa,1994-11-19T00:00:00Z,174.0,126.0,201303,235,190,425
130,Okinohama,Sandanme 30 West,Hakkaku,1997-06-25T00:00:00Z,181.0,158.0,201303,236,215,451
468,Aron,Sandanme 28 East,Nishonoseki,2003-01-07T00:00:00Z,181.0,128.0,202103,75,65,140
161,Tokinohira,Makushita 46 West,Tokitsukaze,1999-04-08T00:00:00Z,180.0,128.0,201805,138,114,252
475,Kaitoma,Jonidan 39 East,Asakayama,2001-05-11T00:00:00Z,179.0,135.0,201703,142,142,284
13,Wakamotoharu,Maegashira 2 East,Arashio,1994-05-03T15:00:00Z,173.0,136.0,201111,408,313,721
243,Harunishiki,Sandanme 26 West,Asahiyama,2000-07-17T00:00:00Z,179.0,106.0,201709,138,141,279
267,Nishida,Sandanme 35 East,Nishonoseki,2004-10-24T00:00:00Z,181.0,138.0,202003,95,80,175
408,Asasorai,Jonidan 34 West,Takasago,1998-11-19T00:00:00Z,167.0,80.0,202103,65,71,136
437,Kototaisei,Sandanme 82 West,Sadogatake,1996-07-16T00:00:00Z,174.0,116.0,201203,238,267,505
80,Hatooka,Sandanme 13 East,Kise,1994-02-23T00:00:00Z,183.5,140.3,201603,166,81,247
499,Hirose,Jonidan 87 West,Arashio,1988-10-18T00:00:00Z,178.0,164.0,200909,288,314,602
93,Hokutenkai,Makushita 56 West,Onoe,1999-02-02T00:00:00Z,179.4,137.7,201905,107,76,183
205,Hoshuzan,Sandanme 2 East,Naruto,1997-08-09T00:00:00Z,174.0,166.0,202007,91,74,165
523,Hayashiryu,Sandanme 72 West,Nishonoseki,2006-07-04T00:00:00Z,171.0,129.0,202203,48,50,98
24,Hiradoumi,Komusubi 1 West,Sakaigawa,1991-11-04T15:00:00Z,178.0,138.0,201603,265,206,471
480,Yukiamami,Jonidan 31 East,Tatsunami,1998-01-09T00:00:00Z,185.0,132.0,201303,219,232,451
421,Ishiazuma,Sandanme 73 East,Tamanoi,1998-11-08T00:00:00Z,166.0,102.0,201403,197,215,412
306,Tatsuosho,Makushita 32 West,Tatsunami,2003-09-01T00:00:00Z,182.0,138.0,202203,58,40,98
579,Nishikinoryu,Sandanme 22 East,Asahiyama,2003-10-28T00:00:00Z,178.0,130.0,201903,106,89,195
255,Takabayama,Sandanme 39 West,Onoe,2000-10-02T00:00:00Z,175.0,102.0,201603,164,165,329
91,Mudoho,Makushita 24 West,Otake,2001-09-18T00:00:00Z,185.5,136.4,201911,103,81,184
434,Asahabataki,Sandanme 53 West,Takasago,2003-04-21T00:00:00Z,176.0,141.0,201903,91,103,194
33,Shodai,Maegashira 10 East,Tokitsukaze,1991-11-04T15:00:00Z,184.0,169.0,201403,458,383,841
166,Tochikodai,Makushita 44 East,Kasugano,1999-01-09T00:00:00Z,177.0,117.0,201703,157,140,297
571,Kenho,Jonidan 90 West,Tokitsukaze,1989-02-10T00:00:00Z,180.0,204.0,201105,231,221,452
151,Onojo,Makushita 30 East,Takadagawa,1996-01-31T00:00:00Z,182.0,143.0,201105,280,253,533
286,Hakuonada,Makushita 42 East,Yamahibiki,2000-07-29T00:00:00Z,185.0,158.0,201903,113,97,210
167,Otsuji,Makushita 4 East,Takadagawa,2003-10-06T00:00:00Z,180.0,129.0,201903,119,83,202
366,Suio,Sandanme 54 East,Dewanoumi,2001-07-03T00:00:00Z,177.0,113.0,201703,141,128,269
71,Churanoumi,Maegashira 12 West,Kise,1993-05-06T00:00:00Z,176.0,143.0,201603,295,271,566
527,Tochikasuga,Jonidan 64 East,Kasugano,1983-10-01T00:00:00Z,177.0,132.3,199903,506,542,1048
525,Okuniiwa,Jonidan 82 West,Oitekaze,1992-09-18T00:00:00Z,184.0,119.0,201011,262,298,560
169,Chiyonokatsu,Sandanme 22 West,Kokonoe,1994-04-13T00:00:00Z,177.0,129.0,201303,230,208,438
581,Azumayama,Jonidan 98 East,Tamanoi,1994-06-10T00:00:00Z,182.0,108.6,201005,174,394,568
219,Sazanami,Makushita 46 East,Isenoumi,2000-01-31T00:00:00Z,182.0,119.0,201503,198,187,385
529,Higonoryu,Jonidan 94 East,Kise,1985-11-19T00:00:00Z,175.0,199.0,200403,377,454,831
590,Tsubakifuji,Jonidan 65 East,Isegahama,1989-01-11T00:00:00Z,174.0,129.5,200403,384,445,829
598,Soga,Jonidan 97 West,Isenoumi,2006-07-25T00:00:00Z,175.0,92.0,202203,25,75,100
371,Shotaimu,Jonidan 5 East,Shikoroyama,2003-01-31T00:00:00Z,175.0,170.0,202107,60,61,121
388,Hagane,Sandanme 89 West,Michinoku,1981-08-29T00:00:00Z,180.0,131.5,200003,498,506,1004
54,Tohakuryu,Juryo 5 East,Tamanoi,1993-06-26T15:00:00Z,182.0,132.0,201905,192,190,382
624,Reonmaru,Sandanme 74 West,Shikihide,1999-08-02T00:00:00Z,171.0,149.0,201603,118,117,235
496,Hokutoshin,Jonidan 60 West,Hakkaku,2001-11-10T00:00:00Z,172.0,130.0,201703,127,161,288
562,Takabaho,Jonidan 76 West,Miyagino,2003-03-23T00:00:00Z,167.0,96.0,202103,52,71,123
301,Asashinjo,Sandanme 19 West,Takasago,1998-02-12T00:00:00Z,170.0,114.0,201603,167,165,332
471,Genbumaru,Jonidan 32 East,Onoe,1995-07-22T00:00:00Z,171.0,157.0,201401,207,213,420
20,Kotozakura,Ozeki 1 East,Sadogatake,1994-05-03T15:00:00Z,189.0,175.0,201511,353,230,583
630,Ounabara Sho,Banzuke-gai,Shikoroyama,1986-01-19T00:00:00Z,182.0,191.5,200401,258,269,527
32,Mitoryu,Juryo 3 West,Nishikido,1991-11-04T15:00:00Z,190.0,197.0,201703,299,287,586
455,Wakayamanaka,Jonokuchi 2 East,Hanaregoma,1996-01-08T00:00:00Z,175.0,128.1,201105,214,238,452
376,Yamato,Jonidan 4 West,Dewanoumi,2003-08-13T00:00:00Z,174.0,80.0,202203,52,42,94
85,Tenshoho,Makushita 11 West,Miyagino,2002-09-07T00:00:00Z,180.3,174.8,202105,84,66,150
440,Shoran,Jonidan 30 West,Hanaregoma,2003-12-06T00:00:00Z,175.0,76.0,202203,47,43,90
484,Satotanaka,Jonidan 71 West,Nishiiwa,2006-10-26T00:00:00Z,180.0,104.0,202203,45,46,91
234,Dewanojo,Makushita 47 West,Dewanoumi,1993-12-14T00:00:00Z,190.0,258.0,201203,248,247,495
280,Hamanoumi,Sandanme 5 West,Tokitsukaze,2001-12-10T00:00:00Z,183.0,142.0,201703,139,162,301
220,Mikazuchiyama,Makushita 55 East,Shikoroyama,2005-02-04T00:00:00Z,170.0,133.0,202003,94,81,175
380,Nikko,Jonidan 7 West,Michinoku,2001-10-01T00:00:00Z,175.0,103.0,202007,84,84,168
321,Kaiyuma,Sandanme 74 East,Asakayama,2000-04-26T00:00:00Z,171.0,148.0,201605,169,166,335
98,Shirokuma,Juryo 8 East,Nishonoseki,1999-05-25T00:00:00Z,186.0,166.0,202205,90,47,137
227,Toramusashi,Jonidan 83 East,Musashigawa,2005-03-01T00:00:00Z,182.0,112.0,202003,80,72,152
450,Chiyokozan,Jonidan 2 West,Kokonoe,2000-05-23T00:00:00Z,175.0,144.0,201905,97,100,197
162,Daihisho,Makushita 60 West,Oitekaze,2003-11-08T00:00:00Z,180.0,141.0,201903,116,101,217
65,Shimanoumi,Juryo 6 East,Kise,1989-07-11T00:00:00Z,177.0,161.0,201205,405,370,775
178,Kumanoryu,Sandanme 45 East,Takekuma,2003-03-18T00:00:00Z,175.0,117.0,202103,77,63,140
203,Katsunofuji,Sandanme 28 West,Sakaigawa,1984-05-04T00:00:00Z,182.5,138.0,200301,446,397,843
21,Tobizaru,Maegashira 4 East,Oitekaze,1994-05-03T15:00:00Z,173.0,136.0,201501,374,328,702
314,Kototaiga,Jonidan 14 East,Sadogatake,2001-04-21T00:00:00Z,181.0,120.0,201703,125,110,235
252,Murayama,Sandanme 18 East,Naruto,2002-06-06T00:00:00Z,168.0,123.0,202101,80,64,144
396,Yamenosato,Jonidan 21 West,Nishiiwa,2000-04-03T00:00:00Z,180.0,119.0,201803,128,131,259
549,Tochinoshima,Jonidan 23 East,Kasugano,1987-05-03T00:00:00Z,173.0,140.0,200603,364,357,721
511,Azumanami,Jonidan 94 West,Tamanoi,1984-11-29T00:00:00Z,174.5,149.0,200709,287,339,626
422,Tochigidake,Sandanme 66 East,Kasugano,1991-11-20T00:00:00Z,174.5,112.0,201003,268,254,522
462,Shishimaru,Jonidan 77 East,Tagonoura,2002-10-25T00:00:00Z,174.0,142.0,201803,80,166,246
441,Kokiryu,Jonidan 73 West,Tatsunami,2004-09-14T00:00:00Z,182.0,129.0,202209,34,36,70
307,Tokinosato,Sandanme 73 West,Nishiiwa,2002-12-14T00:00:00Z,174.0,137.0,201803,101,100,201
393,Hokuyozan,Jonidan 10 East,Tatsunami,1993-11-26T00:00:00Z,177.0,119.5,200903,291,309,600
122,Kazuto,Makushita 26 East,Tatsunami,2003-12-13T00:00:00Z,175.0,116.0,202205,57,34,91
361,Yokomaru,Sandanme 12 West,Musashigawa,2000-05-27T00:00:00Z,177.0,140.0,201903,113,101,214
367,Chiyotenfu,Sandanme 6 East,Kokonoe,2000-03-17T00:00:00Z,172.0,114.0,201505,173,187,360
96,Akinoyama,Sandanme 12 East,Takadagawa,1992-11-30T00:00:00Z,176.9,210.0,200803,345,321,666
160,Oginohama,Jonidan 47 East,Dewanoumi,1994-10-27T00:00:00Z,177.0,136.6,201003,277,243,520
23,Aoiyama,Juryo 11 West,Kasugano,1991-11-04T15:00:00Z,191.0,180.0,200905,608,597,1205
596,Yamadaumi,Jonidan 98 West,Dewanoumi,2006-02-15T00:00:00Z,171.0,108.0,202205,30,51,81
183,Wakenokaze,Sandanme 35 West,Nishonoseki,1993-09-28T00:00:00Z,181.0,159.0,201605,174,162,336
312,Sato,Sandanme 57 East,Nishonoseki,2004-01-03T00:00:00Z,176.0,117.0,202203,53,45,98
628,Kotootomo Shunpei,Banzuke-gai,Sadogatake,1998-02-13T00:00:00Z,186.0,123.0,201603,89,89,178
260,Hokutosakae,Jonidan 4 East,Hakkaku,1999-10-24T00:00:00Z,188.0,136.0,201803,132,125,257
522,Takasu,Jonidan 24 East,Tagonoura,2004-05-04T00:00:00Z,174.0,128.0,202003,77,84,161
64,Daiamami,Juryo 2 West,Oitekaze,1995-01-27T15:00:00Z,185.0,192.0,201601,357,356,713
263,Daiyusho,Jonokuchi 10 West,Oitekaze,2002-04-06T00:00:00Z,176.0,134.0,201803,122,86,208
153,Ryusei,Makushita 20 West,Isenoumi,1986-07-17T00:00:00Z,181.0,120.0,200303,444,429,873
194,Oshoryu,Makushita 54 West,Naruto,1996-04-22T00:00:00Z,178.0,172.0,201905,107,67,174
223,Daishoki,Sandanme 1 East,Oitekaze,1997-05-05T00:00:00Z,184.0,146.0,201303,230,227,457
222,Hokutoiwa,Sandanme 40 East,Hakkaku,2003-11-28T00:00:00Z,179.0,114.0,201903,108,101,209
328,Hakuomaru,Sandanme 41 West,Tokitsukaze,1998-06-27T00:00:00Z,173.0,174.0,201703,145,136,281
612,Kobayashi,Sandanme 21 East,Kasugano,2004-05-07T00:00:00Z,177.0,135.0,202301,35,21,56
61,Oshoma,Maegashira 9 East,Naruto,1995-01-27T15:00:00Z,190.0,158.0,202109,122,94,216
609,Satorufuji,Makushita 6 West,Isegahama,2004-05-29T00:00:00Z,177.0,161.0,202301,47,16,63
34,Midorifuji,Maegashira 10 West,Isegahama,1996-08-30T00:00:00Z,174.0,117.0,201609,283,232,515
217,Daishinkai,Sandanme 22 West,Otake,2000-04-25T00:00:00Z,174.0,135.0,201903,103,93,196
119,Akitoba,Sandanme 36 East,Minato,1999-08-02T00:00:00Z,174.0,121.0,201503,190,167,357
242,Obara,Makushita 10 West,Asakayama,1999-07-06T00:00:00Z,187.0,155.0,201503,202,161,363
348,Sekizuka,Sandanme 66 West,Tagonoura,1997-04-21T00:00:00Z,178.0,93.7,201303,195,257,452
513,Wakasa,Jonidan 40 East,Dewanoumi,2003-10-16T00:00:00Z,170.0,82.0,202203,39,56,95
241,Denuma,Makushita 52 West,Futagoyama,2001-02-07T00:00:00Z,176.0,153.0,201903,117,96,213
304,Hitachigo,Sandanme 13 West,Fujishima,1985-06-17T00:00:00Z,183.0,148.8,200401,401,393,794
206,Toshoyama,Sandanme 38 East,Tamanoi,1998-01-07T00:00:00Z,181.0,153.0,201303,225,236,461
605,Hokutoshio Ryuki,Banzuke-gai,Hakkaku,2000-06-22T00:00:00Z,173.0,125.0,201603,110,156,266
72,Tochimusashi,Sandanme 23 West,Kasugano,1997-04-24T15:00:00Z,184.1,162.2,202103,97,76,173
111,Hitoshi,Makushita 19 West,Oitekaze,1997-08-14T00:00:00Z,181.3,156.9,202105,77,43,120
439,Tsukioka,Jonidan 63 East,Futagoyama,2005-01-23T00:00:00Z,167.0,98.0,202003,79,96,175
143,Kotodaigo,Sandanme 15 West,Sadogatake,1993-01-14T00:00:00Z,189.0,117.0,201105,281,209,490
144,Narutaki,Makushita 25 West,Isenoumi,1998-11-13T00:00:00Z,176.0,125.0,201611,168,137,305
360,Sakabayashi,Sandanme 37 East,Onoe,1999-11-28T00:00:00Z,175.0,124.0,201801,125,127,252
405,Matsugi,Jonidan 26 East,Tagonoura,2005-03-14T00:00:00Z,177.0,86.0,202003,73,87,160
432,Kotoegashira,Jonidan 34 East,Sadogatake,2003-07-23T00:00:00Z,173.0,107.0,201903,94,90,184
228,Goseiryu,Sandanme 68 West,Takekuma,2002-08-07T00:00:00Z,180.0,100.0,202103,70,63,133
533,Tsurunoumi,Jonidan 81 West,Shikoroyama,2004-02-07T00:00:00Z,170.0,72.0,201903,90,121,211
75,Mineyaiba,Makushita 10 East,Shikoroyama,1997-04-24T15:00:00Z,188.5,147.2,201903,123,81,204
127,Kotoryusei,Sandanme 87 West,Sadogatake,1996-06-29T00:00:00Z,168.0,88.3,201203,236,229,465
181,Hinataryu,Makushita 48 West,Musashigawa,1999-05-23T00:00:00Z,177.0,111.0,201801,140,124,264
282,Kotakiyama,Sandanme 10 East,Futagoyama,2003-01-09T00:00:00Z,184.0,144.0,201803,136,116,252
436,Suyama,Sandanme 23 East,Kise,1997-09-23T00:00:00Z,180.0,104.0,202205,53,38,91
335,Toukiryu,Sandanme 76 West,Tamanoi,1998-06-25T00:00:00Z,175.0,117.0,201403,203,209,412
82,Fujiseiun,Juryo 14 East,Fujishima,1997-12-05T00:00:00Z,181.0,137.0,202103,94,41,135
89,Nishinoryu,Makushita 30 West,Sakaigawa,2000-08-20T00:00:00Z,181.0,130.0,201811,129,102,231
105,Chiyoarashi Yoshinobu,Makushita 16 West,Kokonoe,1991-07-12T00:00:00Z,172.0,138.0,200703,370,298,668
236,Daishoryu,Sandanme 4 East,Yamahibiki,2002-11-03T00:00:00Z,175.0,107.0,202103,78,55,133
121,Fujiazuma,Sandanme 14 West,Tamanoi,1987-04-19T00:00:00Z,181.0,185.0,200303,575,580,1155
174,Kainoshima,Makushita 31 East,Fujishima,1995-03-23T00:00:00Z,174.0,106.0,201703,159,137,296
268,Daishosei,Sandanme 60 West,Oitekaze,1999-11-22T00:00:00Z,171.0,116.0,201803,131,125,256
359,Sadanokuni,Jonidan 20 West,Sakaigawa,1988-04-02T00:00:00Z,182.0,113.0,200403,404,416,820
102,Tomokaze,Juryo 7 East,Nishonoseki,1994-12-02T00:00:00Z,185.0,183.0,201705,222,143,365
19,Hoshoryu,Ozeki 1 West,Tatsunami,1994-05-03T15:00:00Z,188.0,142.0,201711,297,188,485
594,Moriurara,Jonokuchi 2 West,Otake,1987-06-16T00:00:00Z,170.0,129.0,200305,272,592,864
226,Komanokuni,Jonidan 46 East,Shibatayama,1990-06-29T00:00:00Z,177.0,207.8,200603,369,347,716
188,Asonoyama,Makushita 36 West,Sakaigawa,1999-11-09T00:00:00Z,175.0,152.0,201801,141,107,248
343,Kaorufuji,Sandanme 61 East,Kasugano,1988-02-28T00:00:00Z,175.0,179.2,200303,424,449,873
168,Daishomaru,Makushita 8 East,Oitekaze,1991-07-10T00:00:00Z,175.0,153.0,201403,369,392,761
560,Sakurai,Jonidan 37 West,Naruto,1997-03-15T00:00:00Z,184.0,122.0,201905,81,52,133
391,Tokitora,Sandanme 72 West,Tokitsukaze,2002-02-20T00:00:00Z,185.0,120.0,202007,60,39,99
535,Daitensho,Jonidan 69 East,Oitekaze,2006-01-11T00:00:00Z,172.0,103.0,202105,51,81,132
578,Gohakuun,Sandanme 7 East,Takekuma,2005-03-22T00:00:00Z,173.0,126.0,202211,38,29,67
358,Oginosho,Sandanme 42 East,Dewanoumi,1993-06-03T00:00:00Z,180.0,125.0,200903,314,311,625
603,Fujinonami,Jonidan 29 West,Fujishima,1999-12-21T00:00:00Z,165.0,102.0,201803,95,115,210
14,Tamawashi,Maegashira 9 West,Kataonami,1994-05-03T15:00:00Z,189.0,176.0,200401,821,808,1629
585,Gonowaka,Jonidan 11 West,Takekuma,2004-11-15T00:00:00Z,176.0,111.0,202211,36,34,70
9,Daieisho,Komusubi 1 East,Oitekaze,1993-11-10T00:00:00Z,182.0,165.0,201201,547,449,996
308,Kojikara,Sandanme 43 West,Tagonoura,2002-06-15T00:00:00Z,183.0,145.0,201803,116,99,215
116,Tochinobori,Makushita 57 West,Kasugano,1993-09-01T00:00:00Z,181.5,123.7,200903,319,306,625
435,Hokutoyoshi,Jonidan 27 West,Hakkaku,1997-07-16T00:00:00Z,178.0,145.0,201603,164,174,338
419,Hienriki,Jonidan 56 East,Oshiogawa,1983-03-06T00:00:00Z,179.0,121.0,199803,531,557,1088
16,Nishikigi,Maegashira 11 West,Isenoumi,1994-05-03T15:00:00Z,186.0,183.0,200603,595,599,1194
3,Hakuoho,Juryo 13 East,Miyagino,2003-08-22T00:00:00Z,181.0,160.0,202301,72,28,100
141,Kitadaichi,Makushita 14 East,Tatsunami,1998-07-08T00:00:00Z,170.0,127.0,201403,225,202,427
350,Tsugaruumi,Jonidan 9 West,Tamanoi,1996-04-06T00:00:00Z,174.0,84.2,201203,237,205,442
115,Kotoyusho,Makushita 15 West,Sadogatake,1994-05-14T00:00:00Z,181.0,132.0,201603,185,172,357
28,Ura,Maegashira 4 West,Kise,1991-11-04T15:00:00Z,175.0,142.0,201503,338,224,562
35,Sadanoumi,Maegashira 7 West,Sakaigawa,1990-02-27T15:00:00Z,182.0,144.0,200303,711,717,1428
165,Kamito,Makushita 14 West,Tatsunami,1995-08-19T00:00:00Z,176.0,128.0,201703,164,136,300
237,Raiho,Jonidan 48 East,Miyagino,1997-05-21T00:00:00Z,172.0,90.0,202107,58,40,98
573,Motokiyama,Jonidan 37 East,Tamanoi,1991-12-15T00:00:00Z,172.0,108.2,200803,300,345,645
170,Fukai,Makushita 13 East,Takasago,1997-09-10T00:00:00Z,181.0,134.0,202003,100,81,181
448,Kyokutaizan,Jonidan 89 East,Oshima,2000-03-09T00:00:00Z,172.0,110.0,201903,82,107,189
508,Najima,Jonidan 51 West,Minato,2006-04-18T00:00:00Z,177.0,67.0,202203,46,52,98
512,Sonoshun,Jonidan 92 West,Arashio,2002-11-18T00:00:00Z,167.0,75.0,202103,54,74,128
300,Ieshima,Sandanme 26 East,Yamahibiki,2005-01-26T00:00:00Z,176.0,135.0,202003,91,77,168
354,Mihamaumi,Sandanme 90 West,Tamanoi,1996-11-29T00:00:00Z,173.0,125.0,201205,222,253,475
79,Kotoozutsu,Makushita 41 West,Sadogatake,1997-04-24T15:00:00Z,174.8,159.6,201603,162,134,296
473,Harimao,Sandanme 65 West,Yamahibiki,2002-07-08T00:00:00Z,170.0,119.0,202103,73,67,140
588,Nishikiori,Jonokuchi 12 West,Miyagino,2006-07-16T00:00:00Z,176.0,120.0,202203,29,62,91
467,Kyokumizuno,Sandanme 58 West,Oshima,2004-03-12T00:00:00Z,169.0,135.0,202203,53,43,96
213,Kotonofuji,Sandanme 32 West,Sadogatake,2002-01-24T00:00:00Z,178.0,125.0,201703,155,145,300
235,Hokutoryu,Sandanme 53 East,Hakkaku,1998-01-03T00:00:00Z,181.0,126.0,201603,171,153,324
257,Ryutsukasa,Sandanme 61 West,Irumagawa,1997-02-13T00:00:00Z,168.0,134.0,201501,193,176,369
295,Matsuda,Sandanme 50 West,Shibatayama,1994-09-19T00:00:00Z,179.0,91.4,201303,230,231,461
157,Maikeru,Sandanme 16 West,Futagoyama,1998-07-15T00:00:00Z,177.0,136.0,201709,142,131,273
557,Senshoho,Jonidan 41 East,Miyagino,2006-07-06T00:00:00Z,186.0,130.0,202203,43,46,89
156,Sadanohikari,Makushita 20 East,Sakaigawa,1995-12-31T00:00:00Z,187.0,105.0,201403,212,188,400
623,Yamane,Jonidan 52 East,Naruto,2003-11-14T00:00:00Z,169.0,117.0,201905,71,62,133
288,Kenshin,Makushita 59 West,Sakaigawa,1996-04-04T00:00:00Z,173.0,122.0,201501,190,170,360
382,Ikazuchido,Sandanme 39 East,Irumagawa,2005-03-18T00:00:00Z,180.0,91.0,202205,51,40,91
582,Sadanojo,Jonokuchi 10 East,Sakaigawa,2005-01-05T00:00:00Z,168.0,128.0,202003,46,87,133
209,Ienoshima,Sandanme 86 East,Yamahibiki,2003-08-22T00:00:00Z,176.0,142.0,201903,103,77,180
240,Naya,Makushita 53 West,Otake,1998-01-10T00:00:00Z,185.0,150.0,202003,96,79,175
74,Atamifuji,Maegashira 1 West,Isegahama,1997-04-24T15:00:00Z,186.0,183.0,202011,162,108,270
50,Kinbozan,Maegashira 8 West,Kise,1993-06-26T15:00:00Z,195.0,176.0,202109,123,90,213
507,Asashorei,Jonidan 48 West,Takasago,2004-12-23T00:00:00Z,170.0,91.0,202003,77,98,175
410,Amamidake,Jonidan 61 West,Yamahibiki,1984-11-29T00:00:00Z,178.0,155.5,200511,341,422,763
114,Wakatakamoto,Makushita 25 East,Arashio,1991-12-29T00:00:00Z,182.0,101.2,200911,314,260,574
470,Kototora,Sandanme 77 West,Sadogatake,1994-10-22T00:00:00Z,168.0,107.5,201003,278,295,573
385,Maniwayama,Jonidan 25 West,Takadagawa,2003-06-14T00:00:00Z,175.0,96.0,201903,94,123,217
334,Shoji,Sandanme 34 West,Musashigawa,1994-08-25T00:00:00Z,190.0,135.0,201707,148,137,285
479,Wakafutaba,Jonidan 43 East,Nishiiwa,2005-01-20T00:00:00Z,177.0,92.0,202003,85,90,175
494,Chiyooume,Jonidan 86 East,Kokonoe,1986-01-03T00:00:00Z,174.0,98.0,200403,353,411,764
547,Tsukubayama,Sandanme 81 East,Tatsunami,2001-11-22T00:00:00Z,185.0,112.0,202003,88,86,174
625,Fujiizumi Aone,Banzuke-gai,Nishikido,2004-04-05T00:00:00Z,184.0,158.0,202101,18,10,28
81,Tochitaikai,Juryo 11 East,Kasugano,1999-10-12T00:00:00Z,189.7,154.5,201711,163,127,290
52,Bushozan,Maegashira 16 West,Fujishima,1993-06-26T15:00:00Z,171.0,178.0,201401,317,282,599
339,Shogun,Jonidan 5 West,Shikoroyama,1999-01-21T00:00:00Z,184.0,112.0,201701,147,139,286
283,Hodaka,Sandanme 4 West,Onoe,2000-08-09T00:00:00Z,167.0,133.0,201901,112,98,210
108,Yuma,Makushita 17 East,Onomatsu,1998-06-13T00:00:00Z,178.4,132.4,201403,217,171,388
134,Shiden,Juryo 7 West,Kise,1991-12-24T00:00:00Z,176.0,151.0,201403,268,200,468
378,Daiseizan,Makushita 2 East,Arashio,2000-05-22T00:00:00Z,189.0,150.0,202111,69,22,91
433,Terutaka,Jonidan 45 West,Onoe,2001-03-06T00:00:00Z,175.0,125.0,201811,101,106,207
272,Koki,Sandanme 41 East,Minato,2003-10-21T00:00:00Z,181.0,128.0,201903,103,100,203
90,Higonoumi,Makushita 33 West,Kise,1999-08-17T00:00:00Z,182.5,138.4,201503,188,125,313
413,Tochihayate,Jonidan 35 East,Kasugano,1991-10-28T00:00:00Z,168.0,147.0,201003,273,243,516
589,Wakasei,Jonidan 54 West,Nishiiwa,2003-04-04T00:00:00Z,177.0,88.0,202203,35,64,99
97,Asagyokusei,Makushita 59 East,Takasago,1993-05-29T00:00:00Z,180.5,142.5,201601,199,177,376
69,Kaisho,Makushita 9 West,Asakayama,1995-01-27T15:00:00Z,180.6,152.1,201303,282,260,542
253,Rinko,Sandanme 20 East,Nishonoseki,2006-07-04T00:00:00Z,172.0,118.0,202203,54,44,98
87,Miyagi,Makushita 23 West,Nishonoseki,1999-01-30T00:00:00Z,171.2,110.1,202105,81,52,133
534,Tenkoyama,Jonokuchi 4 West,Shikihide,1995-04-29T00:00:00Z,174.0,115.0,201407,156,242,398
465,Koga,Jonidan 84 West,Futagoyama,2005-12-12T00:00:00Z,176.0,94.0,202109,42,74,116
564,Fukuazuma,Jonidan 18 East,Tamanoi,1999-11-24T00:00:00Z,172.0,141.0,201505,170,186,356
357,Kamitani,Sandanme 11 East,Michinoku,2002-06-18T00:00:00Z,183.0,154.0,201803,133,105,238
37,Takanosho,Maegashira 6 East,Tokiwayama,1990-02-27T15:00:00Z,184.0,170.0,201003,487,400,887
78,Kazekeno,Makushita 1 East,Oshiogawa,1997-04-24T15:00:00Z,186.0,157.0,202203,68,37,105
619,Teraosho Katsuichi,Banzuke-gai,Shikoroyama,1989-04-25T00:00:00Z,180.0,155.0,200503,328,336,664
62,Enho,Jonokuchi 13 West,Miyagino,1995-01-27T15:00:00Z,167.0,100.6,201703,234,222,456
540,Chiyofuku,Jonidan 87 East,Kokonoe,2004-09-02T00:00:00Z,174.0,148.0,202007,60,94,154
8,Kotoshoho,Maegashira 7 East,Sadogatake,1999-08-26T00:00:00Z,191.0,162.0,201711,263,219,482
185,Chiyotora,Makushita 37 East,Kokonoe,2003-04-15T00:00:00Z,176.0,128.0,201905,115,88,203
509,Okuniyama,Jonokuchi 1 East,Asahiyama,1992-09-18T00:00:00Z,188.0,147.2,200803,274,351,625
277,Furanshisu,Jonidan 9 East,Shikihide,1998-08-04T00:00:00Z,173.0,103.0,201603,165,171,336
397,Tochimitsuru,Sandanme 57 West,Kasugano,1995-06-08T00:00:00Z,170.0,115.0,201403,212,212,424
604,Higohikari,Jonokuchi 20 East,Kise,1988-01-27T00:00:00Z,173.0,119.0,200303,253,572,825
279,Kawabuchi,Sandanme 38 West,Shikoroyama,2000-10-21T00:00:00Z,176.0,118.0,201903,109,108,217
458,Shinseido,Jonidan 28 West,Yamahibiki,2003-06-22T00:00:00Z,170.0,75.0,202109,48,64,112
322,Tenei,Jonidan 22 East,Takadagawa,1999-10-11T00:00:00Z,177.0,134.0,201711,133,140,273
347,Asashiyu,Makushita 33 East,Takasago,1994-08-08T00:00:00Z,182.0,154.0,201703,152,92,244
138,Daiseiryu,Sandanme 62 West,Kise,1992-12-30T00:00:00Z,179.5,150.0,201105,288,275,563
88,Kanzaki,Makushita 34 West,Takekuma,1999-07-24T00:00:00Z,189.7,154.5,202203,61,44,105
474,Hokutonami,Jonidan 32 West,Hakkaku,1993-08-16T00:00:00Z,172.0,118.2,201203,239,272,511
469,Fujiyuho,Sandanme 84 East,Fujishima,2000-08-01T00:00:00Z,178.0,126.0,201901,112,98,210
404,Boshuyama,Jonidan 7 East,Sakaigawa,2004-06-23T00:00:00Z,187.0,138.0,202003,77,97,174
519,Wakahizen,Jonidan 1 East,Shibatayama,1990-12-22T00:00:00Z,171.0,121.3,200603,351,404,755
566,Oyamazakura,Jonidan 84 East,Shikihide,2006-08-15T00:00:00Z,180.0,115.0,202203,31,35,66
233,Shuji,Sandanme 3 East,Kise,1995-10-24T00:00:00Z,176.0,133.0,201403,199,166,365
591,Anzakura,Jonidan 1 West,Ajigawa,2005-02-26T00:00:00Z,174.0,93.0,202211,34,36,70
452,Ojiyama,Jonidan 17 East,Tagonoura,2001-07-06T00:00:00Z,191.0,123.0,201703,122,166,288
22,Abi,Sekiwake 1 East,Shikoroyama,1994-05-03T15:00:00Z,187.0,165.0,201305,438,308,746
369,Nakashima,Jonokuchi 18 East,Musashigawa,1998-09-20T00:00:00Z,177.0,182.0,201511,138,107,245
186,Kotohaguro,Makushita 60 East,Sadogatake,2003-01-17T00:00:00Z,183.0,127.0,201803,134,123,257
313,Asatenmai,Sandanme 75 East,Takasago,1981-05-23T00:00:00Z,171.0,113.5,200003,501,489,990
517,Hokutoizumi,Jonidan 83 West,Hakkaku,1998-02-27T00:00:00Z,173.0,122.0,201603,145,177,322
548,Setoyutaka,Jonidan 88 West,Tokitsukaze,1998-08-20T00:00:00Z,176.0,124.0,201805,102,132,234
363,Ryuseio,Jonidan 65 West,Shibatayama,1986-02-14T00:00:00Z,187.0,146.7,200403,411,407,818
574,Yoshinofuji,Jonokuchi 13 West,Isegahama,2001-07-20T00:00:00Z,170.0,94.0,202103,27,48,75
225,Takataisho,Sandanme 75 West,Tokiwayama,1995-06-15T00:00:00Z,174.0,130.0,201105,244,269,513
323,Asakiryu,Sandanme 49 West,Takasago,2002-06-22T00:00:00Z,168.0,78.0,202103,74,65,139
427,Chiyotaiko,Sandanme 88 West,Kokonoe,2001-12-26T00:00:00Z,179.0,130.0,201703,120,121,241
456,Nishikimaru,Jonidan 43 West,Asahiyama,2003-04-03T00:00:00Z,173.0,147.0,201903,81,133,214
336,Kyokushori,Jonidan 3 West,Oshima,1995-03-10T00:00:00Z,169.0,154.0,201301,208,160,368
599,Takatairiku,Jonidan 96 East,Tokiwayama,2005-07-01T00:00:00Z,165.0,94.0,202103,32,92,124
510,Naniwamusashi,Jonidan 70 East,Musashigawa,2004-02-13T00:00:00Z,174.0,90.0,201903,83,118,201
453,Gokishin,Jonidan 59 East,Shikihide,1992-06-01T00:00:00Z,164.0,160.0,201703,141,160,301
73,Akua,Makushita 5 East,Tatsunami,1997-04-24T15:00:00Z,185.0,164.0,201011,394,387,781
192,Fujitoshi,Makushita 13 West,Fujishima,1998-11-23T00:00:00Z,168.0,118.0,202103,81,48,129
190,Hamayutaka,Makushita 47 East,Tokitsukaze,1995-11-17T00:00:00Z,182.0,149.0,201105,280,266,546
543,Kotofuno,Jonidan 99 West,Sadogatake,2006-07-07T00:00:00Z,171.0,136.0,202203,35,47,82
68,Chiyosakae,Juryo 9 West,Kokonoe,1995-01-27T15:00:00Z,180.0,161.0,200901,373,350,723
415,Kaihiryu,Jonidan 31 West,Asakayama,2001-10-17T00:00:00Z,181.0,80.0,202003,78,89,167
429,Tsugunohana,Jonidan 38 West,Onomatsu,1997-10-20T00:00:00Z,187.0,127.0,201603,157,179,336
176,Awanokuni,Makushita 50 West,Takadagawa,2000-05-18T00:00:00Z,178.0,161.0,201901,121,103,224
100,Kurohimeyama,Makushita 54 East,Sakaigawa,2002-01-24T00:00:00Z,183.0,123.0,201805,138,114,252
445,Satsumasho,Jonidan 78 East,Oitekaze,1999-08-06T00:00:00Z,184.0,163.0,202201,51,54,105
576,Ryubumaru,Sandanme 89 East,Musashigawa,1998-07-11T00:00:00Z,185.0,151.0,201405,175,173,348
356,Seido,Jonidan 15 West,Minato,1997-01-12T00:00:00Z,177.0,121.0,201203,248,252,500
518,Kukio,Jonidan 67 West,Onoe,1996-03-08T00:00:00Z,175.0,150.0,201401,200,219,419
524,Tenichi,Jonidan 50 West,Yamahibiki,1977-11-22T00:00:00Z,175.5,136.5,199303,629,659,1288
44,Takayasu,Maegashira 3 East,Tagonoura,1990-02-27T15:00:00Z,188.0,181.0,200503,733,557,1290
466,Souga,Sandanme 67 East,Futagoyama,2003-02-09T00:00:00Z,178.0,134.0,201805,122,130,252
520,Hakuyo,Jonidan 22 West,Isenoumi,1998-07-12T00:00:00Z,176.0,89.0,201403,188,226,414
503,Yamana,Jonidan 52 West,Onoe,1998-03-17T00:00:00Z,167.0,95.0,201601,130,157,287
131,Toseiryu,Makushita 39 West,Tamanoi,1999-07-05T00:00:00Z,184.0,134.0,202201,62,42,104
59,Hakuyozan,Juryo 12 East,Takadagawa,1995-01-27T15:00:00Z,187.0,180.0,201105,382,333,715
117,Nabatame,Juryo 14 West,Futagoyama,2002-02-22T00:00:00Z,176.0,149.0,202001,108,76,184
129,Nionoumi,Sandanme 15 East,Yamahibiki,1986-12-16T00:00:00Z,173.0,144.0,200203,517,497,1014
273,Akatora,Sandanme 44 West,Shikihide,1998-03-01T00:00:00Z,168.0,67.0,201603,169,174,343
337,Asanojo,Sandanme 52 West,Takasago,1986-09-03T00:00:00Z,174.5,114.3,200401,404,426,830
364,Daisho,Jonidan 20 East,Oitekaze,2000-06-04T00:00:00Z,169.0,131.0,201603,163,174,337
112,Kototebakari,Makushita 8 West,Sadogatake,2003-07-08T00:00:00Z,183.7,128.3,202201,67,37,104
212,Wakamiyabi,Makushita 37 West,Futagoyama,2003-06-20T00:00:00Z,183.0,149.0,202203,57,41,98
346,Hamadayama,Sandanme 69 West,Shibatayama,1991-12-02T00:00:00Z,171.0,104.2,200703,327,387,714
196,Hayanami,Sandanme 24 West,Musashigawa,1997-12-19T00:00:00Z,188.0,125.0,201601,177,171,348
438,Oatari,Jonidan 70 West,Shikihide,1999-11-27T00:00:00Z,177.0,129.0,201503,169,215,384
298,Amakaze,Makushita 38 East,Oshiogawa,1991-07-07T00:00:00Z,184.0,200.5,200703,433,387,820
345,Araoyama,Makushita 49 East,Onomatsu,2000-12-12T00:00:00Z,173.0,123.0,201905,106,104,210
86,Shishi,Juryo 10 East,Irumagawa,1997-01-16T00:00:00Z,193.0,171.0,202001,137,92,229
318,Dewanosora,Sandanme 68 East,Dewanoumi,1999-07-03T00:00:00Z,178.0,138.0,201503,187,195,382
370,Mishima,Jonidan 50 East,Naruto,2000-09-18T00:00:00Z,191.0,140.0,201905,97,70,167
164,Asakoryu,Juryo 4 West,Takasago,1998-09-24T00:00:00Z,176.0,120.0,202105,107,78,185
521,Kiryu,Jonidan 71 West,Miyagino,1987-06-09T00:00:00Z,177.5,159.9,200303,384,422,806
256,Mukaida,Sandanme 33 West,Naruto,1998-11-02T00:00:00Z,183.0,139.0,201805,126,118,244
544,Urutora,Jonidan 95 East,Shikihide,1989-05-08T00:00:00Z,164.0,60.0,201009,175,245,420
610,Agora,Sandanme 84 West,Ajigawa,1999-08-06T00:00:00Z,184.0,147.0,202301,32,29,61
154,Dewataikai,Sandanme 80 West,Dewanoumi,1996-11-12T00:00:00Z,181.0,100.0,201203,227,197,424
297,Ginseizan,Jonidan 51 East,Otake,1993-04-06T00:00:00Z,175.0,90.7,201203,241,255,496
425,Kiyonohana,Sandanme 24 East,Dewanoumi,2005-07-23T00:00:00Z,171.0,74.0,202103,73,64,137
171,Hokutomaru,Makushita 32 East,Hakkaku,2000-01-09T00:00:00Z,189.0,118.0,201809,130,101,231
417,Shoketsu,Jonidan 16 East,Shibatayama,1976-09-05T00:00:00Z,184.5,159.5,199503,614,604,1218
332,Asahanshin,Jonidan 13 West,Takasago,2000-06-04T00:00:00Z,182.0,148.0,201603,167,176,343
607,Asahakuryu,Makushita 7 East,Takasago,1999-01-08T00:00:00Z,181.0,146.0,202211,45,18,63
460,Satonofuji,Jonidan 95 West,Isegahama,1977-04-15T00:00:00Z,170.3,109.0,199601,558,604,1162
2,Asanoyama,Maegashira 12 East,Takasago,1994-03-01T00:00:00Z,189.0,169.0,201603,354,181,535
428,Shunkaku,Jonidan 24 West,Shikoroyama,2002-10-24T00:00:00Z,164.0,86.0,201803,115,143,258
583,Wakakaneko,Jonokuchi 16 West,Nishiiwa,2004-09-15T00:00:00Z,173.0,94.0,202003,53,41,94
150,Asanowaka,Makushita 15 East,Takasago,1995-06-22T00:00:00Z,183.0,126.0,201803,144,117,261
84,Kawazoe,Jonidan 23 West,Miyagino,1999-04-10T00:00:00Z,173.0,117.2,202209,41,26,67
592,Kitanosho,Sandanme 45 West,Hanaregoma,2003-01-18T00:00:00Z,190.0,105.0,202211,39,31,70
516,Chiyotaiyo,Sandanme 85 West,Kokonoe,2001-08-17T00:00:00Z,178.0,78.0,201805,119,119,238
459,Noguchi,Jonidan 80 East,Futagoyama,2006-08-09T00:00:00Z,168.0,149.0,202203,20,22,42
118,Kanpuzan,Sandanme 1 West,Nishonoseki,1993-11-16T00:00:00Z,184.0,131.0,201201,257,226,483
613,Gonoumi,Jonidan 91 West,Takekuma,2004-05-19T00:00:00Z,178.0,128.0,202301,26,13,39
555,Wakaarata,Jonidan 75 East,Nishiiwa,2002-11-16T00:00:00Z,167.0,116.0,201803,78,146,224
261,Tsunekawa,Sandanme 63 East,Arashio,1994-10-17T00:00:00Z,182.0,135.0,201303,214,219,433
526,Denzan,Jonidan 62 West,Otake,1988-06-08T00:00:00Z,174.0,149.0,200403,388,386,774
29,Kagayaki,Maegashira 16 East,Takadagawa,1991-11-04T15:00:00Z,193.0,171.0,201003,530,522,1052
58,Tsushimanada,Juryo 12 West,Sakaigawa,1993-06-26T15:00:00Z,185.0,131.0,201605,205,169,374
552,Daitenshin,Jonidan 15 East,Onomatsu,2005-05-19T00:00:00Z,171.0,108.0,202105,58,75,133
56,Gonoyama,Maegashira 3 West,Takekuma,1993-06-26T15:00:00Z,178.0,160.0,202103,149,100,249
221,Kotetsu,Sandanme 9 East,Otake,2001-08-10T00:00:00Z,179.0,146.0,202003,89,61,150
285,Tokisoma,Sandanme 29 West,Tokitsukaze,1998-09-01T00:00:00Z,184.0,125.0,201709,142,131,273
501,Bakukoshin,Jonidan 80 West,Shikihide,1999-12-09T00:00:00Z,170.0,99.0,201703,126,174,300
38,Meisei,Maegashira 1 East,Tatsunami,1990-02-27T15:00:00Z,180.0,156.0,201105,465,426,891
126,Chiyooga,Sandanme 60 East,Kokonoe,2000-01-19T00:00:00Z,173.0,121.0,201803,127,92,219
45,Terunofuji,Yokozuna 1 East,Isegahama,1993-06-26T15:00:00Z,192.0,176.0,201101,521,272,793
7,Kirishima,Sekiwake 2 East,Michinoku,1996-04-24T00:00:00Z,186.0,148.0,201503,360,249,609
498,Dairinzan,Sandanme 47 West,Arashio,2003-09-17T00:00:00Z,180.0,135.0,202203,53,45,98
451,Wakatozakura,Jonidan 76 East,Shikihide,1992-02-24T00:00:00Z,182.0,140.4,200703,292,415,707
386,Chiyoyamato,Sandanme 33 East,Kokonoe,2001-02-16T00:00:00Z,183.0,126.0,202007,83,78,161
39,Chiyoshoma,Maegashira 15 East,Kokonoe,1990-02-27T15:00:00Z,184.0,134.0,200905,509,495,1004
426,Ryuseiyama,Sandanme 88 East,Dewanoumi,1991-12-12T00:00:00Z,172.0,124.0,200703,341,344,685
324,Takaseido,Sandanme 50 West,Nishonoseki,2002-10-24T00:00:00Z,178.0,122.0,202103,60,32,92
230,Oyamada,Makushita 28 West,Naruto,1999-05-19T00:00:00Z,178.0,96.0,202205,52,36,88
287,Tanji,Makushita 40 West,Arashio,2006-06-05T00:00:00Z,183.0,114.0,202203,62,34,96
504,Matsugashima,Jonidan 17 West,Takadagawa,2002-09-19T00:00:00Z,176.0,117.0,201803,111,148,259
330,Kotodaishin,Sandanme 8 West,Sadogatake,2001-03-01T00:00:00Z,186.0,151.0,201901,115,103,218
132,Chiyoraizan,Sandanme 18 West,Kokonoe,1987-06-21T00:00:00Z,191.0,151.0,200603,370,347,717
390,Chiyotaisei,Sandanme 58 East,Kokonoe,2001-04-13T00:00:00Z,180.0,175.0,202003,85,83,168
577,Kotosato,Sandanme 51 West,Sadogatake,2001-06-13T00:00:00Z,176.0,169.0,202211,40,30,70
107,Tochimaru,Makushita 56 East,Kasugano,1992-08-26T00:00:00Z,171.0,159.0,201105,297,241,538
488,Tamatensho,Jonidan 49 East,Kataonami,2005-05-14T00:00:00Z,170.0,103.0,202105,61,69,130
444,Tsuyasato,Jonokuchi 7 West,Minato,2001-05-25T00:00:00Z,169.0,155.0,201703,84,112,196
291,Sakai,Sandanme 44 East,Otake,1995-10-28T00:00:00Z,176.0,126.0,201403,210,217,427
140,Yoshii,Makushita 4 West,Tokitsukaze,2003-08-01T00:00:00Z,178.0,152.0,201903,121,89,210
142,Kayo,Juryo 13 West,Nishonoseki,1999-07-14T00:00:00Z,169.0,146.0,202205,68,38,106
137,Yoshiyasu,Makushita 16 West,Kise,1994-05-12T00:00:00Z,190.0,130.0,201703,163,131,294
454,Adachi,Jonidan 90 East,Nishonoseki,1985-07-15T00:00:00Z,183.0,169.5,200205,405,506,911
250,Shunrai,Makushita 40 East,Tatsunami,2005-04-10T00:00:00Z,177.0,119.0,202105,73,60,133
4,Kaizen,Sandanme 16 West,Asakayama,1993-07-29T00:00:00Z,175.1,138.8,201601,174,155,329
270,Yurikisho,Jonidan 19 West,Tokiwayama,2001-09-02T00:00:00Z,167.0,138.0,201709,114,84,198
293,Kaigo,Makushita 27 East,Asakayama,2002-09-11T00:00:00Z,185.0,135.0,201803,133,116,249
342,Kiyonoumi,Sandanme 11 West,Tamanoi,1996-08-21T00:00:00Z,180.0,171.0,201411,193,184,377
265,Kenyu,Sandanme 78 West,Miyagino,1999-02-05T00:00:00Z,180.0,134.0,201403,194,204,398
407,Ai,Jonidan 12 East,Takadagawa,1999-01-30T00:00:00Z,177.0,98.0,201803,114,145,259
531,Kazunofuji,Jonokuchi 11 West,Isegahama,2004-10-14T00:00:00Z,167.0,93.0,202003,71,91,162
42,Chiyomaru,Makushita 6 East,Kokonoe,1990-02-27T15:00:00Z,179.0,177.0,200705,584,583,1167
490,Akinishiki,Jonidan 79 West,Asahiyama,1999-10-10T00:00:00Z,167.0,76.0,201803,117,142,259
399,Sawayaka,Jonidan 26 West,Shikihide,2000-02-02T00:00:00Z,172.0,87.0,201605,165,168,333
202,Tosashimizu,Sandanme 67 West,Tokitsukaze,1997-02-25T00:00:00Z,171.0,182.0,201505,181,192,373
409,Teraosho,Sandanme 86 West,Shikoroyama,2005-03-24T00:00:00Z,170.0,141.0,202003,90,85,175
276,Asaobora,Sandanme 55 East,Takasago,2004-06-21T00:00:00Z,186.0,164.0,202003,84,90,174
271,Fukutsuumi,Sandanme 34 East,Hakkaku,1993-04-22T00:00:00Z,183.0,104.6,201003,228,234,462
442,Tokazan,Sandanme 70 West,Tamanoi,2004-01-15T00:00:00Z,181.0,120.0,201903,103,97,200
264,Taranami,Jonidan 6 West,Tatsunami,2002-02-19T00:00:00Z,179.0,131.0,201703,146,133,279
601,Ryuma,Sandanme 48 East,Hanaregoma,1998-07-24T00:00:00Z,183.0,132.0,201403,179,169,348
92,Arauma,Sandanme 20 West,Isenoumi,1996-10-26T00:00:00Z,183.3,136.1,202009,79,61,140
94,Fujinoyama,Makushita 35 East,Fujishima,2000-07-26T00:00:00Z,182.7,140.2,201901,122,102,224
101,Tamashoho,Juryo 6 West,Kataonami,1993-03-06T00:00:00Z,189.0,124.0,201107,317,287,604
110,Kiryuko,Makushita 1 West,Tatsunami,2002-10-31T00:00:00Z,177.0,133.0,202105,86,47,133
615,Wakaikari,Makushita 5 West,Isenoumi,2005-02-22T00:00:00Z,175.0,109.0,202301,45,18,63
580,Tsuru,Jonidan 40 West,Fujishima,2004-12-19T00:00:00Z,176.0,133.0,202211,32,24,56
375,Shimanishiki,Sandanme 83 East,Asahiyama,2000-09-13T00:00:00Z,185.0,124.0,201903,104,106,210
457,Kirinohana,Jonidan 45 East,Michinoku,2005-01-08T00:00:00Z,176.0,77.0,202003,70,105,175
60,Hidenoumi,Juryo 9 East,Kise,1995-01-27T15:00:00Z,186.0,163.0,201205,480,460,940
48,Daishoho,Juryo 4 East,Oitekaze,1993-06-26T15:00:00Z,185.0,196.0,201301,391,372,763
15,Ryuden,Maegashira 8 East,Takadagawa,1994-05-03T15:00:00Z,189.0,155.0,200603,549,460,1009
431,Arise,Jonidan 42 East,Tokitsukaze,2000-02-16T00:00:00Z,175.0,93.0,202203,44,39,83
486,Fujinoteru,Jonidan 69 West,Onoe,1998-08-24T00:00:00Z,166.0,72.0,201403,172,241,413
239,Taiyo,Sandanme 5 East,Onoe,2001-05-18T00:00:00Z,167.0,106.0,202001,86,76,162
25,Takarafuji,Maegashira 13 West,Isegahama,1991-11-04T15:00:00Z,186.0,169.0,200901,638,655,1293
558,Kyonosato,Jonokuchi 2 East,Isenoumi,1996-09-26T00:00:00Z,183.0,147.0,201503,124,247,371
341,Goshimaru,Sandanme 51 East,Musashigawa,1996-09-11T00:00:00Z,180.0,112.0,201511,177,164,341
392,Biganzan,Sandanme 71 West,Yamahibiki,2002-06-21T00:00:00Z,185.0,159.0,201803,117,135,252
197,Hananoumi,Makushita 29 East,Nishonoseki,2003-04-15T00:00:00Z,174.0,123.0,202201,66,38,104
124,Kitaharima,Makushita 2 West,Yamahibiki,1986-07-28T00:00:00Z,182.0,121.0,200203,568,565,1133
247,Mochizuki,Jonidan 45 East,Otake,1996-03-08T00:00:00Z,175.0,100.0,201607,159,149,308
420,Masakifuji,Jonidan 19 East,Isegahama,2003-11-12T00:00:00Z,168.0,105.0,202111,54,58,112
66,Kitanowaka,Juryo 3 East,Hakkaku,1995-01-27T15:00:00Z,191.0,150.0,201903,189,149,338
315,Daishomune,Sandanme 46 East,Oitekaze,1992-07-08T00:00:00Z,177.0,110.0,201101,268,280,548
180,Kaishin,Makushita 53 East,Tagonoura,2001-09-25T00:00:00Z,183.0,149.0,201703,141,127,268
259,Saidaiji,Sandanme 46 West,Irumagawa,1994-06-09T00:00:00Z,180.0,182.0,201301,239,225,464
561,Minorufuji,Jonokuchi 12 East,Isegahama,2002-05-08T00:00:00Z,173.0,98.0,202011,63,50,113
159,Daikisho,Sandanme 17 West,Oitekaze,2000-08-18T00:00:00Z,182.0,145.0,201901,114,94,208
487,Zuitenryu,Jonidan 6 East,Sakaigawa,2005-12-02T00:00:00Z,175.0,127.0,202103,74,66,140
333,Nagata,Sandanme 71 East,Dewanoumi,2002-05-12T00:00:00Z,167.0,113.0,202101,74,70,144
416,Kassho,Sandanme 72 East,Yamahibiki,2002-10-22T00:00:00Z,171.0,133.0,202103,70,57,127
351,Hidano,Sandanme 80 East,Arashio,1990-09-14T00:00:00Z,179.0,133.0,201111,248,263,511
204,Tomiyutaka,Sandanme 65 East,Tokitsukaze,2000-07-08T00:00:00Z,179.0,136.0,201903,109,101,210
125,Tsurubayashi,Makushita 42 West,Kise,1993-12-31T00:00:00Z,178.0,136.3,200903,330,299,629
55,Roga,Maegashira 15 West,Futagoyama,1993-06-26T15:00:00Z,184.0,152.0,201809,185,134,319
70,Kotokuzan,Makushita 3 East,Arashio,1997-04-24T15:00:00Z,180.0,162.0,200909,344,333,677
290,Kawamura,Makushita 51 East,Naruto,2001-09-03T00:00:00Z,176.0,110.0,201805,123,106,229
18,Azumaryu,Makushita 13 East,Tamanoi,1987-05-12T00:00:00Z,192.0,147.2,200811,528,522,1050
210,Seigo,Makushita 45 West,Shikoroyama,1998-12-25T00:00:00Z,176.0,157.0,201703,156,121,277
406,Kyokutaiga,Jonidan 33 West,Oshima,2006-02-28T00:00:00Z,166.0,136.0,202103,68,72,140
584,Fubu,Jonidan 57 West,Musashigawa,1998-07-28T00:00:00Z,175.0,75.0,201405,164,219,383
537,Matsuzawa,Jonidan 89 West,Tagonoura,2005-06-14T00:00:00Z,166.0,69.0,202103,45,71,116
463,Kogomaru,Jonidan 93 West,Shikihide,1995-03-08T00:00:00Z,169.0,131.0,202003,76,94,170
418,Fukushoryu,Jonidan 41 West,Minato,2000-03-16T00:00:00Z,180.0,123.0,201503,146,173,319
586,Kazeeidai,Sandanme 32 East,Oshiogawa,2004-07-05T00:00:00Z,178.0,110.0,202211,41,29,70
401,Takakurayama,Jonidan 79 East,Onoe,1998-08-11T00:00:00Z,181.0,129.0,201403,200,210,410
266,Aoi,Sandanme 37 West,Shikoroyama,1992-04-02T00:00:00Z,181.0,141.0,200803,326,299,625
317,Kisenoumi,Sandanme 64 East,Kise,2001-04-12T00:00:00Z,181.0,137.0,201903,110,107,217
611,Nagamura,Makushita 35 West,Kise,2004-06-30T00:00:00Z,172.0,133.0,202301,40,23,63
597,Kanryu,Sandanme 81 West,Arashio,1992-04-18T00:00:00Z,177.5,99.5,200803,316,325,641
120,Osanai,Makushita 28 East,Takasago,1999-03-01T00:00:00Z,174.0,122.0,202103,79,61,140
51,Chiyonokuni,Makushita 5 West,Kokonoe,1990-07-10T00:00:00Z,184.0,143.8,200605,539,452,991
424,Chiyoresshi,Sandanme 82 East,Kokonoe,2003-04-03T00:00:00Z,173.0,113.0,202007,82,72,154
600,Wakayahara,Jonidan 97 East,Nishiiwa,2005-03-09T00:00:00Z,168.0,86.0,202003,57,94,151
172,Kototsubasa,Sandanme 10 West,Sadogatake,1992-02-23T00:00:00Z,174.0,105.0,200703,349,362,711
251,Toshunryu,Makushita 23 East,Tamanoi,1999-04-16T00:00:00Z,172.0,95.0,202205,56,32,88
269,Honma,Sandanme 85 East,Naruto,2001-05-01T00:00:00Z,171.0,118.0,201703,122,134,256
208,Chiyodaigo,Sandanme 3 West,Kokonoe,1998-02-28T00:00:00Z,184.0,129.0,201607,152,86,238
559,Hokutoyakumo,Jonidan 73 West,Hakkaku,2004-01-13T00:00:00Z,177.0,133.0,201903,73,70,143
302,Teraoumi,Jonidan 13 East,Shikoroyama,1987-08-07T00:00:00Z,186.0,123.6,200601,361,388,749
152,Nobehara,Sandanme 9 West,Futagoyama,2002-06-09T00:00:00Z,179.0,137.0,202105,74,54,128
63,Takakento,Makushita 44 West,Tokiwayama,1995-01-27T15:00:00Z,179.0,165.0,201401,277,252,529
477,Aoifuji,Jonokuchi 13 East,Isegahama,2003-06-28T00:00:00Z,167.0,94.0,202111,36,39,75
461,Hishuyama,Jonidan 44 West,Sakaigawa,2004-07-08T00:00:00Z,170.0,106.0,202003,67,95,162
49,Shonannoumi,Maegashira 5 West,Takadagawa,1993-06-26T15:00:00Z,194.0,190.0,201403,283,224,507
500,Takaarashi,Sandanme 59 West,Tagonoura,2006-12-28T00:00:00Z,171.0,105.0,202203,49,42,91
187,Shohoryu,Makushita 27 West,Tokitsukaze,1996-10-12T00:00:00Z,172.0,139.0,201409,218,180,398
383,Mimurodake,Jonidan 21 East,Isegahama,1987-03-18T00:00:00Z,178.5,146.2,200203,436,484,920
1,Takakeisho,Ozeki 2 West,Tokiwayama,1996-08-05T00:00:00Z,175.0,165.0,201409,441,251,692
326,Hokutoshu,Sandanme 30 East,Hakkaku,1994-01-14T00:00:00Z,182.0,113.6,201203,259,251,510
400,Takanoryu,Sandanme 16 East,Tagonoura,2004-09-03T00:00:00Z,170.0,121.0,202003,85,76,161
414,Tokio,Jonidan 8 West,Isenoumi,2000-08-16T00:00:00Z,174.0,147.0,201603,160,183,343
139,Setonoumi,Makushita 49 East,Takadagawa,2004-06-11T00:00:00Z,179.0,108.0,202003,69,44,113
163,Taiga,Makushita 51 West,Arashio,2003-01-13T00:00:00Z,185.0,109.0,201803,128,109,237
113,Tokunomusashi,Makushita 12 East,Musashigawa,2000-07-25T00:00:00Z,192.0,136.0,201605,166,138,304
31,Tsurugisho,Juryo 5 West,Oitekaze,1991-11-04T15:00:00Z,185.0,198.0,201401,427,393,820
106,Yago,Makushita 16 East,Oshiogawa,1994-07-08T00:00:00Z,188.0,176.0,201705,234,253,487
232,Fujinowaka,Sandanme 50 East,Fujishima,1994-09-27T00:00:00Z,176.0,139.0,201005,280,291,571
569,Sachinofuji,Sandanme 83 West,Isegahama,2006-03-06T00:00:00Z,168.0,79.0,202207,42,29,71
365,Kaishinmaru,Sandanme 73 West,Asakayama,1998-09-14T00:00:00Z,170.0,138.0,201403,202,199,401
149,Kotodairyu,Makushita 52 East,Sadogatake,1993-08-15T00:00:00Z,175.0,113.4,200903,320,309,629
602,Sawaisamu,Jonokuchi 11 East,Shikihide,1977-02-07T00:00:00Z,169.0,105.5,199207,401,830,1231
620,Chikunokura Kyuzo,Banzuke-gai,Musashigawa,2002-06-21T00:00:00Z,174.0,131.0,201803,81,80,161
238,Onokura,Sandanme 56 East,Miyagino,1998-06-09T00:00:00Z,170.0,167.0,201403,205,198,403
128,Asakoki,Makushita 41 East,Takasago,1990-12-19T00:00:00Z,186.0,116.0,200903,311,306,617
214,Oka,Sandanme 19 East,Minato,1993-03-03T00:00:00Z,189.0,151.0,201105,271,275,546
563,Chiyotsurugi,Jonidan 58 East,Kokonoe,2003-06-18T00:00:00Z,168.0,90.0,201907,66,74,140
565,Chiyotensho,Jonidan 74 West,Kokonoe,2004-12-06T00:00:00Z,172.0,95.0,202007,66,74,140
411,Takatsukasa,Jonidan 54 East,Irumagawa,2002-02-06T00:00:00Z,172.0,86.0,202001,82,94,176
76,Hayatefuji,Sandanme 29 East,Isegahama,1997-04-24T15:00:00Z,171.8,147.4,202001,100,59,159
83,Tokihayate,Juryo 1 East,Tokitsukaze,1996-08-25T00:00:00Z,179.0,133.0,201903,160,110,270
556,Asadoji,Jonidan 47 West,Takasago,2000-03-31T00:00:00Z,170.0,80.0,201503,157,222,379
472,Koshinoryu,Jonidan 42 West,Fujishima,1979-05-17T00:00:00Z,179.0,166.0,199503,596,599,1195
482,Mori,Jonidan 52 West,Tamanoi,1992-07-02T00:00:00Z,172.0,126.0,201101,251,284,535
476,Taniguchi,Sandanme 59 East,Nishonoseki,2005-08-03T00:00:00Z,167.0,127.0,202103,71,69,140
447,Okanojo,Jonidan 58 West,Dewanoumi,2003-05-21T00:00:00Z,165.0,98.0,201903,95,116,211
377,Kyokutaisei,Makushita 19 East,Oshima,1989-10-18T00:00:00Z,184.0,128.2,200801,481,429,910
135,Dewanoryu,Makushita 9 East,Dewanoumi,2001-03-07T00:00:00Z,179.0,143.0,201909,112,67,179
316,Suzaki,Makushita 48 East,Otake,2004-04-02T00:00:00Z,168.0,78.0,202003,92,83,175
353,Musashiumi,Jonidan 14 West,Fujishima,1981-04-26T00:00:00Z,182.0,138.8,199703,560,549,1109
8846,Daishoheki,Jonidan 80 East,Oitekaze,2004-07-19T00:00:00Z,177.0,160.0,202305,26,30,56
8847,Daibasho,Jonidan 91 East,Oitekaze,2008-03-21T00:00:00Z,166.0,102.0,202305,25,31,56
8848,Yumenofuji,Jonidan 57 East,Isegahama,2008-02-02T00:00:00Z,181.0,130.0,202305,29,26,55
8849,Makotofuji,Jonokuchi 14 East,Isegahama,2007-05-24T00:00:00Z,175.0,144.0,202305,9,12,21
8850,Masarufuji,Jonidan 86 West,Isegahama,2007-11-06T00:00:00Z,172.0,85.0,202305,25,30,55
8851,Miyatani,Jonidan 37 West,Musashigawa,2007-05-07T15:00:00Z,178.0,119.0,202305,26,30,56
8852,Soseizan,Jonokuchi 9 West,Nishonoseki,2004-07-03T00:00:00Z,186.0,138.0,202305,12,10,22
8853,Datenoumi,Jonidan 64 West,Isenoumi,2005-01-12T00:00:00Z,192.0,178.0,202305,25,31,56
8854,Datenomori,Jonidan 53 East,Isenoumi,2005-01-12T00:00:00Z,191.0,180.0,202305,23,33,56
8855,Fujiso,Sandanme 25 West,Nishonoseki,2004-10-14T00:00:00Z,185.0,133.0,202305,31,25,56
8856,Kuwae,Sandanme 42 West,Futagoyama,2004-09-20T00:00:00Z,173.0,122.0,202305,35,21,56
8857,Kiyonoyama,Sandanme 90 East,Dewanoumi,2007-12-24T00:00:00Z,173.0,91.0,202305,30,19,49
8858,Higonomaru,Makushita 45 East,Kise,2004-12-19T00:00:00Z,185.0,144.0,202305,36,20,56
8859,Keiga,Jonidan 39 West,Futagoyama,2007-09-02T00:00:00Z,184.0,126.0,202305,32,24,56
8860,Katsunishiki,Jonokuchi 5 West,Nishikido,2007-08-16T00:00:00Z,165.0,94.0,202305,16,38,54
8861,Togyokuko,Jonidan 78 West,Tamanoi,2007-08-29T00:00:00Z,172.0,114.0,202305,22,30,52
8862,Soma,Sandanme 40 West,Futagoyama,2004-09-03T00:00:00Z,178.0,129.0,202305,36,20,56
8863,Shimabukuro,Jonidan 33 East,Hanaregoma,2004-08-19T00:00:00Z,175.0,128.0,202305,31,25,56
8864,Sachinoyama,Jonidan 59 West,Takadagawa,2007-04-24T00:00:00Z,168.0,78.0,202305,22,34,56
8866,Kakuho,Jonokuchi 17 West,Michinoku,2007-08-20T00:00:00Z,171.0,85.0,202305,13,19,32
8867,Chiyorozan,Jonidan 85 East,Kokonoe,2004-05-13T00:00:00Z,176.0,107.0,202305,13,8,21
8868,Hoshi,Jonokuchi 2 West,Asahiyama,2004-11-03T00:00:00Z,178.0,125.0,202305,9,12,21
8869,Asasakurai,Jonokuchi 1 West,Takasago,2007-11-28T00:00:00Z,173.0,131.0,202305,17,39,56
8870,Kazeyuki,Sandanme 77 East,Oshiogawa,2004-10-27T00:00:00Z,167.0,129.0,202305,31,25,56
8871,Fujihara,Jonidan 99 East,Tokitsukaze,2007-11-28T00:00:00Z,183.0,151.0,202305,10,19,29
8872,Satokaneko,Jonokuchi 14 East,Nishiiwa,2008-02-06T00:00:00Z,168.0,65.0,202305,2,5,7
8873,Ryuji,Sandanme 64 West,Onomatsu,2004-11-26T00:00:00Z,186.0,109.0,202305,33,23,56
8874,Kotomunakata,Jonidan 49 West,Sadogatake,2007-11-27T00:00:00Z,178.0,142.0,202305,24,29,53
8875,Akenonami,Jonokuchi 12 East,Tatsunami,2004-04-13T00:00:00Z,174.0,122.0,202305,5,9,14
8876,Itoga,Jonidan 59 East,Sakaigawa,2007-07-02T00:00:00Z,174.0,115.0,202305,11,10,21
8877,Haruyama,Makushita 24 East,Onoe,2000-06-03T00:00:00Z,181.0,141.0,202305,39,17,56
8878,Shiroma,Makushita 18 West,Onoe,2000-05-16T00:00:00Z,180.0,175.0,202305,32,10,42
8879,Onosato,Sekiwake 1 West,Nishonoseki,2000-06-07T00:00:00Z,192.0,177.0,202305,71,26,97
8880,Anosho,Makushita 39 East,Ajigawa,2005-03-02T00:00:00Z,175.0,153.0,202307,34,15,49
8881,Karino,Jonidan 60 East,Naruto,2005-03-13T00:00:00Z,183.0,125.0,202307,10,4,14
8882,Kotohanashiro,Jonidan 55 West,Sadogatake,2008-02-04T00:00:00Z,178.0,132.0,202307,19,27,46
8883,Shimamura,Jonidan 85 West,Arashio,2001-02-10T00:00:00Z,177.0,114.0,202307,18,31,49
8884,Aonishiki,Makushita 17 West,Ajigawa,2004-03-23T00:00:00Z,180.0,125.0,202311,32,3,35
8885,Daigoyama,Jonidan 3 East,Isenoumi,2006-08-17T00:00:00Z,182.0,121.0,202311,22,13,35
8886,Togyokuko,Jonidan 86 East,Tamanoi,2007-08-29T00:00:00Z,172.0,119.3,202311,0,0,0
8887,Onokatsu,Juryo 1 West,Onomatsu,2000-05-05T00:00:00Z,185.0,151.0,202311,33,11,44
8888,Kyokukaiyu,Makushita 58 East,Oshima,2000-04-04T00:00:00Z,180.0,142.0,202401,24,4,28
8889,Anhibiki,Sandanme 62 East,,,,,202401,21,7,28
8890,Anryukai,Jonidan 10 West,Ajigawa,2005-11-09T00:00:00Z,173.0,83.0,202401,14,14,28
8891,Daishiyama,Jonidan 38 East,Tatsunami,2005-08-18T00:00:00Z,178.0,109.0,202401,11,17,28
8893,Inami,Sandanme 55 West,Onoe,2000-08-21T15:00:00Z,189.0,145.0,202403,19,2,21
8894,Daimasakari,Jonidan 11 East,Oitekaze,2005-04-30T15:00:00Z,167.0,141.0,202403,16,5,21
8895,Suzunofuji,Jonidan 12 West,Isegahama,2005-06-06T15:00:00Z,183.0,133.0,202403,14,7,21
8896,Ayanofuji,Jonidan 35 West,Isegahama,2005-08-06T15:00:00Z,184.0,158.0,202403,13,8,21
8897,Kyokutendo,Jonidan 81 East,Oshima,2005-07-20T15:00:00Z,177.0,139.0,202403,12,9,21
8898,Kyokutairyu,Jonidan 36 East,Oshima,2006-01-21T15:00:00Z,177.0,138.0,202403,10,11,21
8899,Kato,Jonidan 61 East,Nishonoseki,2005-09-02T15:00:00Z,182.0,112.0,202403,9,12,21
8900,Kumanohana,Jonokuchi 13 East,Takekuma,2005-05-17T15:00:00Z,167.0,98.0,202403,6,8,14
8901,Shibuya,Jonidan 44 East,Nishonoseki,2005-07-01T15:00:00Z,184.0,113.0,202403,9,12,21
8902,Nishikio,Jonidan 77 West,Nishikido,2005-07-22T15:00:00Z,173.0,141.0,202403,8,8,16
8903,Matsui,Makushita 31 West,Miyagino,2004-10-11T15:00:00Z,171.0,118.0,202403,8,5,13
8904,Keitenkai,Sandanme 43 West,Onomatsu,1990-03-09T15:00:00Z,175.0,112.5,202403,0,0,0
8905,Tokitenran,Sandanme 6 West,Tokitsukaze,2001-11-26T15:00:00Z,172.0,120.0,202403,11,3,14
8906,Niya,Jonidan 66 East,Kasugano,2006-02-08T15:00:00Z,179.0,130.0,202405,9,5,14
8907,Ikazuchiarashi,Jonidan 66 West,Ikazuchi,2005-07-14T15:00:00Z,170.0,144.0,202405,9,5,14
8908,Noda,Jonidan 27 East,Fujishima,2005-11-26T15:00:00Z,185.0,130.0,202405,11,3,14
8909,Imamura,Jonidan 68 East,Nishonoseki,2005-09-11T15:00:00Z,180.0,114.0,202405,8,6,14
8910,Sekimoto,Jonidan 68 West,Onomatsu,2005-08-04T15:00:00Z,167.0,116.0,202405,10,4,14
8911,Hamada,Jonidan 53 West,Shikoroyama,2006-03-15T15:00:00Z,169.0,99.0,202405,9,5,14
8912,Takeuchi,Jonokuchi 6 East,Otowayama,2008-09-07T15:00:00Z,171.0,112.0,202405,6,8,14
8913,Ujiie,Jonokuchi 3 East,Asakayama,2007-09-19T15:00:00Z,178.0,111.0,202405,8,6,14
8914,Hakuryu,Jonokuchi 3 West,Otowayama,2005-11-05T15:00:00Z,182.0,141.0,202405,8,6,14
8915,Daikosho,Jonidan 55 East,Oitekaze,2002-02-20T15:00:00Z,189.0,166.0,202405,11,3,14
8916,Shoryu,Jonidan 71 East,Otowayama,2005-04-16T15:00:00Z,190.0,107.0,202405,9,5,14
8917,Kotokoguchi,Jonidan 56 West,Sadogatake,2005-04-29T15:00:00Z,170.0,116.0,202405,10,4,14
8918,Tsurugifuji,Jonidan 72 East,Takadagawa,2008-10-25T15:00:00Z,181.0,118.0,202405,5,9,14
8919,Daishisho,Jonokuchi 7 East,Oitekaze,2009-01-13T15:00:00Z,169.0,89.0,202405,4,10,14
8920,Narita,Jonokuchi 7 West,Takadagawa,2008-12-09T15:00:00Z,174.0,109.0,202405,5,8,13
8921,Uzumasa,Jonidan 72 West,Isenoumi,2008-10-28T15:00:00Z,183.0,121.0,202405,10,4,14
8922,Amidaishin,Jonidan 73 East,Nishonoseki,2008-06-23T15:00:00Z,174.0,112.0,202405,7,7,14
8923,Fukuoka,Jonokuchi 6 West,Tagonoura,2008-06-24T15:00:00Z,173.0,142.0,202405,5,10,15
8924,Ono,Jonokuchi 4 East,Isegahama,2005-11-25T15:00:00Z,180.0,119.0,202405,6,8,14
8925,Tamaki,Jonidan 74 East,Asakayama,2008-04-05T15:00:00Z,176.0,136.0,202405,6,8,14
8926,Amanofuji,Jonokuchi 5 East,Isegahama,2008-09-20T15:00:00Z,172.0,89.0,202405,7,7,14
8927,Seiseigo,Jonokuchi 8 East,Nishonoseki,2008-06-02T15:00:00Z,165.0,110.0,202405,2,6,8
8928,Wakasasaki,Jonokuchi 17 East,Nishiiwa,2009-01-05T15:00:00Z,173.0,112.0,202405,0,14,14
8929,Nakayama,Jonidan 75 West,Asakayama,2008-05-16T15:00:00Z,175.0,134.0,202405,6,8,14
8930,Hara,Jonokuchi 8 West,Hakkaku,2007-04-25T15:00:00Z,170.0,110.0,202405,5,9,14
8931,Okaryu,Sandanme 31 West,Tatsunami,2001-10-08T15:00:00Z,175.0,160.0,202405,5,2,7
8932,Seihakuho,Jonidan 25 East,Isegahama,2000-08-23T15:00:00Z,192.0,127.0,202405,7,0,7
8933,Kusano,Makushita 29 West,Isegahama,2001-06-25T15:00:00Z,184.0,150.0,202405,7,2,9
8934,Oki,Sandanme 36 West,Shikoroyama,1996-06-11T15:00:00Z,186.0,158.8,202407,0,0,0
8935,Yonezawaryu,Jonokuchi 14 East,Sakaigawa,2005-03-27T15:00:00Z,190.0,133.0,202407,3,4,7
8936,Shimizuumi,Jonokuchi 14 West,Sakaigawa,2001-05-23T15:00:00Z,175.0,128.0,202407,7,0,7
8937,Miyafuji,Jonokuchi 15 East,Isegahama,2005-07-27T15:00:00Z,173.0,140.0,202407,4,3,7
8938,Kotomotomura,Jonokuchi 15 West,Sadogatake,2008-08-13T15:00:00Z,160.0,68.0,202407,4,3,7
8939,Musubiyama,Jonokuchi 16 East,Hanaregoma,2006-03-30T15:00:00Z,188.0,104.0,202407,4,3,7
8940,Kikuchi,Jonokuchi 16 West,Futagoyama,2009-02-02T15:00:00Z,175.0,105.0,202407,2,5,7
8941,Yamada,Jonokuchi 18 East,Nishonoseki,2004-06-01T15:00:00Z,173.0,75.0,202407,2,5,7
8942,Ishizaki,Makushita 60 East,Takasago,2000-08-08T15:00:00Z,172.0,117.0,202407,0,0,0
8943,Kazuma,Makushita 60 West,Kise,2001-11-11T15:00:00Z,184.0,195.0,202407,0,0,0
